nomor,berkas,halaman,gambar_sumber,det_id,dugaan_awal,label,conf,bbox,lebar_px,tinggi_px
1,0001.jpg,1,ayam (1).jpg,0,,,0.8953,215.2 174.3 264.8 217.3,50,43
2,0002.jpg,1,ayam (1).jpg,1,,,0.8927,0.6 253.8 62.4 299.4,62,46
3,0003.jpg,1,ayam (1).jpg,2,,,0.8923,364.6 65.8 416.2 107.2,52,41
4,0004.jpg,1,ayam (1).jpg,3,,bukan,0.8916,403.4 115.3 432.0 164.4,29,49
5,0005.jpg,1,ayam (1).jpg,4,,,0.889,315.4 65.4 367.5 102.0,52,37
6,0006.jpg,1,ayam (1).jpg,5,,,0.8871,255.2 29.6 303.6 60.7,48,31
7,0007.jpg,1,ayam (1).jpg,6,,,0.8815,215.0 301.3 259.7 365.8,45,64
8,0008.jpg,1,ayam (1).jpg,7,,,0.8791,135.6 290.7 176.6 364.7,41,74
9,0009.jpg,1,ayam (1).jpg,8,,,0.8768,105.8 100.7 150.2 136.2,44,35
10,0010.jpg,1,ayam (1).jpg,9,,,0.8721,179.2 270.5 248.3 312.2,69,42
11,0011.jpg,1,ayam (1).jpg,10,,,0.8674,377.5 289.2 432.0 351.8,54,63
12,0012.jpg,1,ayam (1).jpg,11,,,0.8662,123.9 204.3 181.8 246.7,58,42
13,0013.jpg,1,ayam (1).jpg,12,,,0.8656,261.2 68.4 313.6 117.1,52,49
14,0014.jpg,1,ayam (1).jpg,13,,,0.8651,170.3 95.5 226.8 137.0,56,42
15,0015.jpg,1,ayam (1).jpg,14,,,0.8632,356.9 255.3 427.4 301.5,70,46
16,0016.jpg,1,ayam (1).jpg,15,,,0.8626,150.7 391.2 229.8 431.9,79,41
17,0017.jpg,1,ayam (1).jpg,16,,,0.8619,255.2 290.5 311.3 372.5,56,82
18,0018.jpg,1,ayam (1).jpg,17,,,0.8619,178.1 359.9 253.8 409.2,76,49
19,0019.jpg,1,ayam (1).jpg,18,,,0.8613,249.3 201.6 321.3 250.4,72,49
20,0020.jpg,1,ayam (1).jpg,19,,,0.8586,261.2 262.1 347.9 307.4,87,45
21,0021.jpg,1,ayam (1).jpg,20,,,0.8545,82.0 57.1 126.5 97.1,44,40
22,0022.jpg,1,ayam (1).jpg,21,,,0.8538,297.0 114.8 362.8 176.8,66,62
23,0023.jpg,1,ayam (1).jpg,22,,,0.8536,96.2 361.1 167.4 410.8,71,50
24,0024.jpg,1,ayam (1).jpg,23,,,0.8511,122.6 115.8 173.7 157.0,51,41
25,0025.jpg,1,ayam (1).jpg,24,,,0.8491,80.8 1.6 128.2 34.5,47,33
26,0026.jpg,1,ayam (1).jpg,25,,,0.8489,301.8 310.0 378.0 371.5,76,62
27,0027.jpg,1,ayam (1).jpg,26,,,0.8472,204.4 1.6 247.3 42.9,43,41
28,0028.jpg,1,ayam (1).jpg,27,,,0.8433,379.6 163.7 431.7 202.4,52,39
29,0029.jpg,1,ayam (1).jpg,28,,,0.8421,285.9 37.0 333.8 70.3,48,33
30,0030.jpg,1,ayam (1).jpg,29,,,0.8411,326.0 195.3 388.2 241.2,62,46
31,0031.jpg,1,ayam (1).jpg,30,,,0.8401,376.1 375.4 432.0 428.0,56,53
32,0032.jpg,1,ayam (1).jpg,31,,,0.8382,155.7 246.1 208.2 291.9,52,46
33,0033.jpg,1,ayam (1).jpg,32,,,0.8382,170.5 310.1 224.3 374.6,54,64
34,0034.jpg,1,ayam (1).jpg,33,,,0.8364,205.2 142.4 253.7 182.3,48,40
35,0035.jpg,1,ayam (1).jpg,34,,,0.8327,69.2 397.4 143.0 432.0,74,35
36,0036.jpg,1,ayam (1).jpg,35,,bukan,0.8291,284.9 0.0 324.9 17.6,40,18
37,0037.jpg,1,ayam (1).jpg,36,,,0.8221,14.2 121.4 63.5 178.2,49,57
38,0038.jpg,1,ayam (1).jpg,37,,,0.8155,306.6 230.8 370.3 273.3,64,42
39,0039.jpg,1,ayam (1).jpg,38,mati,mati,0.8123,163.5 134.8 218.7 185.2,55,50
40,0040.jpg,1,ayam (1).jpg,39,,,0.8049,384.9 39.1 432.0 86.0,47,47
41,0041.jpg,1,ayam (1).jpg,40,,bukan,0.7951,416.5 74.0 432.0 115.2,16,41
42,0042.jpg,1,ayam (1).jpg,41,,bukan,0.7781,397.3 185.3 432.0 241.2,35,56
43,0043.jpg,1,ayam (1).jpg,42,,,0.7757,321.3 25.3 381.1 70.9,60,46
44,0044.jpg,1,ayam (1).jpg,43,,,0.7752,0.0 44.5 44.0 90.0,44,46
45,0045.jpg,1,ayam (1).jpg,44,,bukan,0.7735,223.6 403.7 295.8 432.0,72,28
46,0046.jpg,1,ayam (1).jpg,45,,,0.7677,89.2 308.3 138.7 380.9,49,73
47,0047.jpg,1,ayam (1).jpg,46,,bukan,0.7534,0.0 162.9 18.7 199.1,19,36
48,0048.jpg,1,ayam (1).jpg,47,,,0.7533,296.8 89.8 347.1 122.2,50,32
49,0049.jpg,1,ayam (1).jpg,48,,,0.752,28.6 53.8 57.8 99.3,29,46
50,0050.jpg,1,ayam (1).jpg,49,,,0.7484,112.4 253.9 146.4 298.4,34,44
51,0051.jpg,1,ayam (1).jpg,50,,bukan,0.7396,0.1 332.7 29.6 410.9,30,78
52,0052.jpg,1,ayam (1).jpg,51,,,0.7387,47.6 2.2 75.7 39.2,28,37
53,0053.jpg,1,ayam (1).jpg,52,,,0.7297,0.8 198.3 83.0 253.2,82,55
54,0054.jpg,1,ayam (1).jpg,53,,bukan,0.7214,233.6 0.0 275.2 26.7,42,27
55,0055.jpg,1,ayam (1).jpg,54,,bukan,0.7196,0.1 305.4 12.8 356.4,13,51
56,0056.jpg,1,ayam (1).jpg,55,,,0.7122,22.4 0.9 54.1 45.6,32,45
57,0057.jpg,1,ayam (1).jpg,56,,bukan,0.7113,124.0 0.0 164.5 12.5,40,12
58,0058.jpg,1,ayam (1).jpg,57,,,0.7102,61.6 56.0 85.2 95.2,24,39
59,0059.jpg,1,ayam (1).jpg,58,,,0.71,33.9 145.2 90.1 195.9,56,51
60,0060.jpg,1,ayam (1).jpg,59,,bukan,0.6573,0.0 26.6 25.1 54.6,25,28
61,0061.jpg,1,ayam (1).jpg,60,,bukan,0.6347,339.2 387.8 383.7 431.9,44,44
62,0062.jpg,1,ayam (1).jpg,61,,bukan,0.6239,148.2 79.3 187.9 116.6,40,37
63,0063.jpg,1,ayam (1).jpg,62,,,0.614,327.3 36.0 379.6 70.8,52,35
64,0064.jpg,1,ayam (1).jpg,63,,,0.5962,7.4 211.2 82.2 253.4,75,42
65,0065.jpg,1,ayam (1).jpg,64,,bukan,0.5959,0.0 102.7 10.7 138.3,11,36
66,0066.jpg,1,ayam (1).jpg,65,,,0.5498,67.9 0.0 104.7 19.8,37,20
67,0067.jpg,1,ayam (1).jpg,66,,,0.5475,48.4 155.8 91.1 213.1,43,57
68,0068.jpg,1,ayam (1).jpg,67,,bukan,0.54,0.0 5.2 24.9 29.9,25,25
69,0069.jpg,1,ayam (1).jpg,68,,,0.5326,124.8 70.9 154.0 102.0,29,31
70,0070.jpg,1,ayam (1).jpg,69,,,0.5318,89.5 172.1 132.8 224.9,43,53
71,0071.jpg,1,ayam (1).jpg,70,,bukan,0.4172,55.8 351.4 92.0 415.6,36,64
72,0072.jpg,1,ayam (1).jpg,71,,,0.4032,180.8 0.0 211.7 15.4,31,15
73,0073.jpg,1,ayam (1).jpg,72,,bukan,0.3831,126.5 54.2 177.6 91.7,51,38
74,0074.jpg,1,ayam (1).jpg,73,,bukan,0.3551,0.0 269.0 8.3 304.9,8,36
75,0075.jpg,1,ayam (1).jpg,74,,bukan,0.3373,131.3 19.4 167.0 44.2,36,25
76,0076.jpg,1,ayam (1).jpg,75,,,0.3242,13.7 395.2 53.3 431.9,40,37
77,0077.jpg,1,ayam (1).jpg,76,,bukan,0.292,67.7 0.1 116.7 17.8,49,18
78,0078.jpg,1,ayam (1).jpg,77,,bukan,0.2735,125.9 19.4 169.8 68.2,44,49
79,0079.jpg,1,ayam (1).jpg,78,,,0.2723,125.5 33.2 167.1 67.9,42,35
80,0080.jpg,1,ayam (1).jpg,79,,bukan,0.2561,0.0 235.2 21.3 277.7,21,42
81,0081.jpg,2,ayam (2).jpg,0,,,0.9064,214.6 76.8 256.7 126.0,42,49
82,0082.jpg,2,ayam (2).jpg,1,,,0.9008,314.7 126.7 361.3 169.6,47,43
83,0083.jpg,2,ayam (2).jpg,2,,,0.8983,123.7 82.5 171.3 131.4,48,49
84,0084.jpg,2,ayam (2).jpg,3,,,0.8922,101.4 8.7 157.3 41.9,56,33
85,0085.jpg,2,ayam (2).jpg,4,,,0.8913,174.2 79.9 217.6 123.4,43,44
86,0086.jpg,2,ayam (2).jpg,5,,,0.8905,19.1 174.1 86.8 218.0,68,44
87,0087.jpg,2,ayam (2).jpg,6,,,0.8898,21.4 67.0 68.4 110.0,47,43
88,0088.jpg,2,ayam (2).jpg,7,,,0.8847,111.2 164.6 175.5 213.9,64,49
89,0089.jpg,2,ayam (2).jpg,8,,,0.8841,17.2 240.0 88.3 287.3,71,47
90,0090.jpg,2,ayam (2).jpg,9,,,0.8841,102.1 226.1 166.8 278.4,65,52
91,0091.jpg,2,ayam (2).jpg,10,,,0.879,65.6 68.3 126.9 107.6,61,39
92,0092.jpg,2,ayam (2).jpg,11,,,0.8775,0.0 365.5 41.4 430.7,41,65
93,0093.jpg,2,ayam (2).jpg,12,,,0.8752,222.7 169.1 299.8 214.0,77,45
94,0094.jpg,2,ayam (2).jpg,13,,,0.8749,0.0 224.9 33.4 271.4,33,46
95,0095.jpg,2,ayam (2).jpg,14,,,0.8735,237.8 116.5 285.8 172.6,48,56
96,0096.jpg,2,ayam (2).jpg,15,,,0.8728,225.9 269.9 290.6 323.6,65,54
97,0097.jpg,2,ayam (2).jpg,16,,,0.8721,193.6 4.9 243.6 35.7,50,31
98,0098.jpg,2,ayam (2).jpg,17,mati,mati,0.872,9.7 109.1 67.3 155.1,58,46
99,0099.jpg,2,ayam (2).jpg,18,,,0.8702,284.0 247.3 333.2 324.9,49,78
100,0100.jpg,2,ayam (2).jpg,19,,,0.8653,164.2 32.9 230.3 71.2,66,38
101,0101.jpg,2,ayam (2).jpg,20,,,0.8648,369.2 30.9 416.2 66.7,47,36
102,0102.jpg,2,ayam (2).jpg,21,,,0.8642,35.2 380.4 115.0 431.6,80,51
103,0103.jpg,2,ayam (2).jpg,22,,,0.8633,26.3 284.1 97.0 335.1,71,51
104,0104.jpg,2,ayam (2).jpg,23,,,0.8625,173.8 265.1 228.1 347.1,54,82
105,0105.jpg,2,ayam (2).jpg,24,,,0.8623,177.9 135.8 243.9 181.4,66,46
106,0106.jpg,2,ayam (2).jpg,25,,,0.8622,231.2 45.4 291.9 78.3,61,33
107,0107.jpg,2,ayam (2).jpg,26,mati,mati,0.8569,26.4 330.6 86.1 383.2,60,53
108,0108.jpg,2,ayam (2).jpg,27,,,0.856,158.3 380.0 242.9 431.6,85,52
109,0109.jpg,2,ayam (2).jpg,28,,,0.8536,366.1 73.9 421.8 132.6,56,59
110,0110.jpg,2,ayam (2).jpg,29,,,0.852,239.9 322.6 307.1 401.8,67,79
111,0111.jpg,2,ayam (2).jpg,30,,,0.8509,251.9 78.8 324.4 127.6,72,49
112,0112.jpg,2,ayam (2).jpg,31,,bukan,0.8492,400.4 123.8 432.0 167.1,32,43
113,0113.jpg,2,ayam (2).jpg,32,,bukan,0.8436,0.0 156.6 33.9 188.4,34,32
114,0114.jpg,2,ayam (2).jpg,33,,,0.8414,249.5 390.6 325.8 432.0,76,41
115,0115.jpg,2,ayam (2).jpg,34,,,0.8302,174.3 235.2 256.1 277.9,82,43
116,0116.jpg,2,ayam (2).jpg,35,,bukan,0.83,41.6 0.0 96.1 22.6,54,23
117,0117.jpg,2,ayam (2).jpg,36,,,0.8294,115.1 331.7 180.9 401.1,66,69
118,0118.jpg,2,ayam (2).jpg,37,,,0.8273,91.4 277.9 173.5 332.6,82,55
119,0119.jpg,2,ayam (2).jpg,38,,bukan,0.8225,0.0 290.4 28.4 342.1,28,52
120,0120.jpg,2,ayam (2).jpg,39,,,0.8072,336.7 405.1 388.8 432.0,52,27
121,0121.jpg,2,ayam (2).jpg,40,,,0.8059,62.4 102.9 115.7 151.7,53,49
122,0122.jpg,2,ayam (2).jpg,41,,,0.7661,74.8 307.5 132.8 366.8,58,59
123,0123.jpg,2,ayam (2).jpg,42,,,0.7551,258.0 21.7 322.0 63.1,64,41
124,0124.jpg,2,ayam (2).jpg,43,,,0.7271,299.1 48.1 343.8 73.8,45,26
125,0125.jpg,2,ayam (2).jpg,44,,bukan,0.717,154.5 23.0 195.1 51.5,41,28
126,0126.jpg,2,ayam (2).jpg,45,,bukan,0.701,415.8 204.2 432.0 240.9,16,37
127,0127.jpg,2,ayam (2).jpg,46,,bukan,0.6928,281.5 0.0 320.9 11.0,39,11
128,0128.jpg,2,ayam (2).jpg,47,,bukan,0.6406,183.5 0.1 226.3 12.7,43,13
129,0129.jpg,2,ayam (2).jpg,48,,bukan,0.6122,89.5 0.1 136.7 10.8,47,11
130,0130.jpg,2,ayam (2).jpg,49,,bukan,0.6039,0.0 116.3 8.3 161.8,8,46
131,0131.jpg,2,ayam (2).jpg,50,,,0.6009,0.0 182.8 28.1 220.3,28,38
132,0132.jpg,2,ayam (2).jpg,51,,bukan,0.5921,421.7 147.2 432.0 194.3,10,47
133,0133.jpg,2,ayam (2).jpg,52,,,0.5757,349.2 0.0 400.9 28.3,52,28
134,0134.jpg,2,ayam (2).jpg,53,,bukan,0.5719,417.0 36.8 432.0 68.7,15,32
135,0135.jpg,2,ayam (2).jpg,54,,bukan,0.5522,408.6 11.9 432.0 48.8,23,37
136,0136.jpg,2,ayam (2).jpg,55,,,0.5404,28.0 18.3 95.2 64.7,67,46
137,0137.jpg,2,ayam (2).jpg,56,,bukan,0.5211,421.1 320.8 432.0 376.0,11,55
138,0138.jpg,2,ayam (2).jpg,57,,,0.44,327.6 266.1 376.3 324.8,49,59
139,0139.jpg,2,ayam (2).jpg,58,,bukan,0.3452,418.1 0.1 432.0 22.5,14,22
140,0140.jpg,2,ayam (2).jpg,59,,bukan,0.3395,387.9 402.3 432.0 431.8,44,30
141,0141.jpg,2,ayam (2).jpg,60,,bukan,0.2989,302.1 66.2 341.4 95.5,39,29
142,0142.jpg,2,ayam (2).jpg,61,,bukan,0.2859,0.0 19.9 25.6 85.5,26,66
143,0143.jpg,2,ayam (2).jpg,62,,bukan,0.2858,424.1 320.3 432.0 368.9,8,49
144,0144.jpg,3,ayam (3).jpg,0,,,0.8967,151.3 72.2 217.8 116.1,66,44
145,0145.jpg,3,ayam (3).jpg,1,,,0.8842,117.0 123.0 164.3 169.2,47,46
146,0146.jpg,3,ayam (3).jpg,2,,,0.8839,232.5 124.2 298.1 176.5,66,52
147,0147.jpg,3,ayam (3).jpg,3,,,0.8839,241.7 62.9 305.9 112.8,64,50
148,0148.jpg,3,ayam (3).jpg,4,,,0.8827,147.0 137.9 219.6 185.8,73,48
149,0149.jpg,3,ayam (3).jpg,5,,,0.88,3.6 8.7 44.5 46.1,41,37
150,0150.jpg,3,ayam (3).jpg,6,,,0.8759,353.8 67.6 431.1 112.8,77,45
151,0151.jpg,3,ayam (3).jpg,7,mati,mati,0.8741,140.9 7.3 197.9 53.6,57,46
152,0152.jpg,3,ayam (3).jpg,8,,,0.8712,382.2 293.7 432.0 360.2,50,66
153,0153.jpg,3,ayam (3).jpg,9,,,0.8684,368.4 14.8 416.9 71.1,48,56
154,0154.jpg,3,ayam (3).jpg,10,,bukan,0.8684,255.9 0.0 302.1 29.8,46,30
155,0155.jpg,3,ayam (3).jpg,11,,,0.8667,165.8 278.8 245.4 333.1,80,54
156,0156.jpg,3,ayam (3).jpg,12,,,0.8663,245.4 230.0 311.6 300.6,66,71
157,0157.jpg,3,ayam (3).jpg,13,,bukan,0.8657,37.5 0.0 81.3 27.1,44,27
158,0158.jpg,3,ayam (3).jpg,14,,,0.8623,304.6 162.9 359.4 245.5,55,83
159,0159.jpg,3,ayam (3).jpg,15,,,0.8609,308.6 35.4 374.5 80.2,66,45
160,0160.jpg,3,ayam (3).jpg,16,,,0.8607,356.3 169.4 420.9 222.6,65,53
161,0161.jpg,3,ayam (3).jpg,17,,,0.8602,0.6 67.9 45.2 117.3,45,49
162,0162.jpg,3,ayam (3).jpg,18,,bukan,0.8592,0.0 169.2 28.1 239.4,28,70
163,0163.jpg,3,ayam (3).jpg,19,,,0.8585,370.4 220.3 432.0 299.9,62,80
164,0164.jpg,3,ayam (3).jpg,20,,,0.8545,157.3 182.9 227.8 233.6,70,51
165,0165.jpg,3,ayam (3).jpg,21,,,0.852,192.9 1.5 244.0 50.5,51,49
166,0166.jpg,3,ayam (3).jpg,22,,,0.8498,289.0 278.8 371.4 333.9,82,55
167,0167.jpg,3,ayam (3).jpg,23,mati,mati,0.8467,156.9 228.9 217.2 282.4,60,53
168,0168.jpg,3,ayam (3).jpg,24,,,0.8461,53.2 284.1 133.1 347.8,80,64
169,0169.jpg,3,ayam (3).jpg,25,,,0.8454,62.2 184.9 127.5 265.0,65,80
170,0170.jpg,3,ayam (3).jpg,26,,,0.8452,53.2 340.5 121.1 407.5,68,67
171,0171.jpg,3,ayam (3).jpg,27,,,0.8416,223.8 176.3 306.3 232.1,82,56
172,0172.jpg,3,ayam (3).jpg,28,,,0.8407,303.8 332.9 393.6 392.6,90,60
173,0173.jpg,3,ayam (3).jpg,29,,,0.8406,160.0 335.0 231.2 421.8,71,87
174,0174.jpg,3,ayam (3).jpg,30,,,0.8349,102.5 185.0 159.9 240.5,57,56
175,0175.jpg,3,ayam (3).jpg,31,,,0.8336,230.1 325.3 310.4 404.4,80,79
176,0176.jpg,3,ayam (3).jpg,32,,bukan,0.8223,304.6 0.0 348.1 22.0,44,22
177,0177.jpg,3,ayam (3).jpg,33,,,0.8185,96.0 264.4 172.6 331.8,77,67
178,0178.jpg,3,ayam (3).jpg,34,,,0.8141,304.1 133.8 385.9 176.2,82,42
179,0179.jpg,3,ayam (3).jpg,35,,bukan,0.8101,0.0 27.6 18.2 76.6,18,49
180,0180.jpg,3,ayam (3).jpg,36,,,0.8064,10.2 390.8 102.9 432.0,93,41
181,0181.jpg,3,ayam (3).jpg,37,,,0.7836,55.3 22.8 89.4 63.8,34,41
182,0182.jpg,3,ayam (3).jpg,38,,,0.7749,204.6 205.6 262.7 265.8,58,60
183,0183.jpg,3,ayam (3).jpg,39,,bukan,0.7626,416.1 368.1 432.0 424.9,16,57
184,0184.jpg,3,ayam (3).jpg,40,,,0.7533,45.0 237.9 89.5 277.9,44,40
185,0185.jpg,3,ayam (3).jpg,41,,bukan,0.7308,382.7 0.0 432.0 27.2,49,27
186,0186.jpg,3,ayam (3).jpg,42,,bukan,0.7298,415.1 145.4 432.0 220.6,17,75
187,0187.jpg,3,ayam (3).jpg,43,,bukan,0.7293,343.8 0.0 384.6 25.2,41,25
188,0188.jpg,3,ayam (3).jpg,44,,bukan,0.7233,0.1 0.0 45.0 16.9,45,17
189,0189.jpg,3,ayam (3).jpg,45,,,0.7201,103.6 90.2 159.1 127.2,56,37
190,0190.jpg,3,ayam (3).jpg,46,,,0.7185,15.1 178.7 58.0 246.9,43,68
191,0191.jpg,3,ayam (3).jpg,47,,bukan,0.6505,150.3 0.1 195.1 9.3,45,9
192,0192.jpg,3,ayam (3).jpg,48,,bukan,0.6419,0.0 93.2 18.9 125.5,19,32
193,0193.jpg,3,ayam (3).jpg,49,,,0.5759,301.9 389.8 392.6 432.0,91,42
194,0194.jpg,3,ayam (3).jpg,50,,bukan,0.5693,21.0 291.6 59.4 345.7,38,54
195,0195.jpg,3,ayam (3).jpg,51,,,0.5345,0.1 248.3 41.0 298.2,41,50
196,0196.jpg,3,ayam (3).jpg,52,,,0.5281,110.9 54.9 164.3 97.5,53,43
197,0197.jpg,3,ayam (3).jpg,53,,,0.5191,26.5 124.1 83.0 185.7,56,62
198,0198.jpg,3,ayam (3).jpg,54,,bukan,0.5154,204.4 416.3 285.6 431.8,81,16
199,0199.jpg,3,ayam (3).jpg,55,,bukan,0.4824,53.8 172.3 77.5 226.4,24,54
200,0200.jpg,3,ayam (3).jpg,56,,,0.4565,80.9 15.3 114.5 63.8,34,48
201,0201.jpg,3,ayam (3).jpg,57,,,0.3557,2.4 350.2 43.8 403.6,41,53
202,0202.jpg,3,ayam (3).jpg,58,,bukan,0.3267,2.1 0.0 47.1 12.2,45,12
203,0203.jpg,3,ayam (3).jpg,59,,bukan,0.2948,71.2 142.9 103.9 200.5,33,58
204,0204.jpg,3,ayam (3).jpg,60,,bukan,0.254,110.9 15.6 139.1 56.1,28,40
205,0205.jpg,4,ayam (4).jpg,0,,bukan,0.8953,350.5 72.3 417.6 116.0,67,44
206,0206.jpg,4,ayam (4).jpg,1,,bukan,0.8927,366.4 278.7 432.0 333.2,66,54
207,0207.jpg,4,ayam (4).jpg,2,,,0.8884,142.3 18.6 189.5 58.1,47,40
208,0208.jpg,4,ayam (4).jpg,3,,,0.8878,4.6 169.1 60.4 203.7,56,35
209,0209.jpg,4,ayam (4).jpg,4,,,0.8855,203.3 8.6 245.0 46.1,42,38
210,0210.jpg,4,ayam (4).jpg,5,,,0.885,66.5 59.3 111.9 93.4,45,34
211,0211.jpg,4,ayam (4).jpg,6,,,0.8807,347.8 138.0 420.2 185.9,72,48
212,0212.jpg,4,ayam (4).jpg,7,,,0.8806,128.0 216.1 176.3 273.1,48,57
213,0213.jpg,4,ayam (4).jpg,8,,,0.8803,118.5 142.4 175.8 178.6,57,36
214,0214.jpg,4,ayam (4).jpg,9,,,0.8795,316.6 122.9 363.7 169.3,47,46
215,0215.jpg,4,ayam (4).jpg,10,,,0.877,107.6 176.9 146.9 225.7,39,49
216,0216.jpg,4,ayam (4).jpg,11,mati,mati,0.8756,340.5 7.2 396.8 54.0,56,47
217,0217.jpg,4,ayam (4).jpg,12,,,0.8736,40.0 54.4 71.6 89.0,32,35
218,0218.jpg,4,ayam (4).jpg,13,,,0.8727,123.8 62.7 177.5 104.8,54,42
219,0219.jpg,4,ayam (4).jpg,14,,,0.8717,10.6 259.7 84.6 310.3,74,51
220,0220.jpg,4,ayam (4).jpg,15,,,0.8708,86.5 267.6 155.7 326.8,69,59
221,0221.jpg,4,ayam (4).jpg,16,,,0.8676,237.5 0.0 280.8 27.2,43,27
222,0222.jpg,4,ayam (4).jpg,17,,,0.8642,112.3 346.0 186.6 411.5,74,66
223,0223.jpg,4,ayam (4).jpg,18,,,0.8626,0.0 200.4 33.1 262.5,33,62
224,0224.jpg,4,ayam (4).jpg,19,,,0.8616,200.1 66.8 245.5 117.4,45,51
225,0225.jpg,4,ayam (4).jpg,20,,,0.8611,392.2 0.9 432.0 50.2,40,49
226,0226.jpg,4,ayam (4).jpg,21,,,0.8595,140.8 174.1 179.6 218.9,39,45
227,0227.jpg,4,ayam (4).jpg,22,,,0.8589,96.8 28.2 138.8 73.1,42,45
228,0228.jpg,4,ayam (4).jpg,23,mati,mati,0.8585,355.9 229.4 417.3 282.2,61,53
229,0229.jpg,4,ayam (4).jpg,24,,,0.8575,31.3 178.2 77.7 245.0,46,67
230,0230.jpg,4,ayam (4).jpg,25,,,0.8573,83.7 213.6 128.9 279.1,45,66
231,0231.jpg,4,ayam (4).jpg,26,,,0.8517,263.6 185.8 327.4 265.1,64,79
232,0232.jpg,4,ayam (4).jpg,27,,,0.8496,356.1 183.0 429.3 233.1,73,50
233,0233.jpg,4,ayam (4).jpg,28,,,0.8477,165.8 169.1 228.8 237.1,63,68
234,0234.jpg,4,ayam (4).jpg,29,,,0.8476,29.2 326.8 89.9 400.3,61,74
235,0235.jpg,4,ayam (4).jpg,30,,,0.8462,253.7 284.2 333.8 347.7,80,64
236,0236.jpg,4,ayam (4).jpg,31,,,0.8457,67.3 178.1 111.7 240.0,44,62
237,0237.jpg,4,ayam (4).jpg,32,,,0.8418,360.0 335.1 431.2 422.3,71,87
238,0238.jpg,4,ayam (4).jpg,33,,,0.8403,253.1 340.5 320.8 407.4,68,67
239,0239.jpg,4,ayam (4).jpg,34,,bukan,0.8353,66.2 407.2 127.7 432.0,62,25
240,0240.jpg,4,ayam (4).jpg,35,,,0.8349,177.5 29.0 218.3 79.1,41,50
241,0241.jpg,4,ayam (4).jpg,36,,,0.8342,302.8 185.2 357.8 240.5,55,55
242,0242.jpg,4,ayam (4).jpg,37,,,0.8314,104.8 5.8 139.6 35.3,35,29
243,0243.jpg,4,ayam (4).jpg,38,,,0.8213,136.0 0.0 177.9 33.6,42,34
244,0244.jpg,4,ayam (4).jpg,39,,,0.8183,298.9 264.3 373.2 332.2,74,68
245,0245.jpg,4,ayam (4).jpg,40,,bukan,0.8093,0.1 268.3 15.4 326.1,15,58
246,0246.jpg,4,ayam (4).jpg,41,,,0.809,209.4 390.8 301.5 432.0,92,41
247,0247.jpg,4,ayam (4).jpg,42,,,0.7979,42.5 139.9 86.6 177.4,44,38
248,0248.jpg,4,ayam (4).jpg,43,,,0.7958,255.3 22.8 287.4 63.7,32,41
249,0249.jpg,4,ayam (4).jpg,44,,bukan,0.7914,0.0 410.9 35.7 432.0,36,21
250,0250.jpg,4,ayam (4).jpg,45,,,0.788,60.8 86.2 109.7 133.4,49,47
251,0251.jpg,4,ayam (4).jpg,46,,,0.7825,130.5 103.0 174.6 145.8,44,43
252,0252.jpg,4,ayam (4).jpg,47,,,0.7768,151.3 71.4 198.8 108.9,48,38
253,0253.jpg,4,ayam (4).jpg,48,,,0.7704,43.0 87.4 77.4 125.0,34,38
254,0254.jpg,4,ayam (4).jpg,49,,bukan,0.7541,0.0 12.0 32.9 67.8,33,56
255,0255.jpg,4,ayam (4).jpg,50,,,0.7483,156.9 248.3 238.4 304.5,82,56
256,0256.jpg,4,ayam (4).jpg,51,,,0.744,82.5 137.8 122.2 183.7,40,46
257,0257.jpg,4,ayam (4).jpg,52,,,0.7218,303.5 90.8 358.8 127.1,55,36
258,0258.jpg,4,ayam (4).jpg,53,,bukan,0.7194,405.3 203.6 432.0 264.2,27,61
259,0259.jpg,4,ayam (4).jpg,54,,,0.7141,243.7 235.9 289.5 277.9,46,42
260,0260.jpg,4,ayam (4).jpg,55,,,0.7117,174.5 92.5 218.3 133.6,44,41
261,0261.jpg,4,ayam (4).jpg,56,,bukan,0.698,0.0 174.9 10.6 222.8,11,48
262,0262.jpg,4,ayam (4).jpg,57,,,0.6978,185.8 344.2 243.9 405.9,58,62
263,0263.jpg,4,ayam (4).jpg,58,,,0.6937,199.4 0.0 245.0 17.6,46,18
264,0264.jpg,4,ayam (4).jpg,59,,,0.6763,0.0 2.8 12.9 43.6,13,41
265,0265.jpg,4,ayam (4).jpg,60,,,0.6639,170.0 302.1 221.6 367.6,52,66
266,0266.jpg,4,ayam (4).jpg,61,,,0.6606,214.9 178.4 257.2 246.9,42,68
267,0267.jpg,4,ayam (4).jpg,62,,,0.6539,17.9 43.6 48.7 75.2,31,32
268,0268.jpg,4,ayam (4).jpg,63,,,0.6402,15.8 0.0 46.6 17.6,31,18
269,0269.jpg,4,ayam (4).jpg,64,,,0.6334,1.6 63.3 41.1 104.7,40,41
270,0270.jpg,4,ayam (4).jpg,65,,,0.6332,349.3 0.1 395.3 9.3,46,9
271,0271.jpg,4,ayam (4).jpg,66,,,0.5933,87.3 0.1 123.8 11.3,36,11
272,0272.jpg,4,ayam (4).jpg,67,,,0.5828,311.8 55.0 364.2 96.5,52,42
273,0273.jpg,4,ayam (4).jpg,68,,,0.56,226.1 124.9 281.2 186.1,55,61
274,0274.jpg,4,ayam (4).jpg,69,,,0.4968,144.0 409.6 199.8 432.0,56,22
275,0275.jpg,4,ayam (4).jpg,70,,,0.4731,220.8 274.5 266.5 345.9,46,71
276,0276.jpg,4,ayam (4).jpg,71,,,0.4252,280.0 14.8 314.5 64.1,34,49
277,0277.jpg,4,ayam (4).jpg,72,,bukan,0.4123,421.7 176.8 432.0 212.7,10,36
278,0278.jpg,4,ayam (4).jpg,73,,,0.3705,271.2 140.5 303.4 206.0,32,66
279,0279.jpg,4,ayam (4).jpg,74,,,0.3365,251.4 171.5 276.9 226.3,25,55
280,0280.jpg,4,ayam (4).jpg,75,,bukan,0.3078,160.1 0.0 201.0 7.5,41,8
281,0281.jpg,4,ayam (4).jpg,76,,bukan,0.2935,202.4 0.0 247.4 11.7,45,12
282,0282.jpg,5,ayam (5).jpg,0,,,0.8864,156.8 114.4 215.8 162.7,59,48
283,0283.jpg,5,ayam (5).jpg,1,,,0.8856,314.5 187.1 364.9 231.4,50,44
284,0284.jpg,5,ayam (5).jpg,2,,,0.8799,358.8 82.6 400.8 126.1,42,44
285,0285.jpg,5,ayam (5).jpg,3,,,0.8787,227.8 0.0 262.6 46.9,35,47
286,0286.jpg,5,ayam (5).jpg,4,,,0.8778,151.1 70.7 216.7 115.2,66,44
287,0287.jpg,5,ayam (5).jpg,5,,,0.876,380.4 379.4 431.3 430.0,51,51
288,0288.jpg,5,ayam (5).jpg,6,,,0.8745,337.1 53.6 371.7 98.9,35,45
289,0289.jpg,5,ayam (5).jpg,7,,,0.8738,374.1 128.7 413.1 175.6,39,47
290,0290.jpg,5,ayam (5).jpg,8,,,0.8734,327.5 110.3 369.4 163.3,42,53
291,0291.jpg,5,ayam (5).jpg,9,,,0.8687,187.8 18.5 253.2 64.6,65,46
292,0292.jpg,5,ayam (5).jpg,10,,,0.8682,19.8 100.1 83.8 170.8,64,71
293,0293.jpg,5,ayam (5).jpg,11,,bukan,0.8674,405.4 224.0 432.0 267.4,27,43
294,0294.jpg,5,ayam (5).jpg,12,,,0.8656,31.7 15.8 104.6 76.2,73,60
295,0295.jpg,5,ayam (5).jpg,13,,,0.8652,315.6 334.6 360.0 403.4,44,69
296,0296.jpg,5,ayam (5).jpg,14,,,0.8648,298.3 46.9 340.9 96.5,43,50
297,0297.jpg,5,ayam (5).jpg,15,mati,,0.8638,378.1 326.8 424.0 383.5,46,57
298,0298.jpg,5,ayam (5).jpg,16,,,0.863,204.2 93.8 254.3 132.3,50,39
299,0299.jpg,5,ayam (5).jpg,17,,,0.8624,193.3 53.9 254.4 98.9,61,45
300,0300.jpg,5,ayam (5).jpg,18,,,0.8618,105.2 73.3 163.3 140.9,58,68
301,0301.jpg,5,ayam (5).jpg,19,,,0.861,121.1 0.0 172.1 72.1,51,72
302,0302.jpg,5,ayam (5).jpg,20,,,0.8574,98.8 352.4 152.1 431.1,53,79
303,0303.jpg,5,ayam (5).jpg,21,,,0.8561,193.6 152.6 262.1 214.8,69,62
304,0304.jpg,5,ayam (5).jpg,22,,,0.8546,199.3 342.9 248.6 413.9,49,71
305,0305.jpg,5,ayam (5).jpg,23,,,0.8542,245.0 336.4 294.2 407.4,49,71
306,0306.jpg,5,ayam (5).jpg,24,,,0.8539,342.9 27.0 378.5 58.3,36,31
307,0307.jpg,5,ayam (5).jpg,25,,,0.8531,212.4 127.1 256.9 166.3,44,39
308,0308.jpg,5,ayam (5).jpg,26,,,0.8528,385.6 186.1 422.0 231.1,36,45
309,0309.jpg,5,ayam (5).jpg,27,,,0.8509,316.0 292.4 376.3 349.7,60,57
310,0310.jpg,5,ayam (5).jpg,28,,,0.8502,252.8 104.9 289.9 162.6,37,58
311,0311.jpg,5,ayam (5).jpg,29,,,0.8452,0.0 195.1 41.0 287.5,41,92
312,0312.jpg,5,ayam (5).jpg,30,,,0.8412,262.3 303.1 308.5 351.0,46,48
313,0313.jpg,5,ayam (5).jpg,31,mati,mati,0.8409,149.3 341.9 201.3 403.1,52,61
314,0314.jpg,5,ayam (5).jpg,32,,,0.8395,395.2 91.0 426.0 126.4,31,35
315,0315.jpg,5,ayam (5).jpg,33,,,0.8384,192.7 284.6 245.6 345.6,53,61
316,0316.jpg,5,ayam (5).jpg,34,,,0.8354,20.7 239.0 90.0 306.8,69,68
317,0317.jpg,5,ayam (5).jpg,35,,,0.8262,100.4 281.6 167.6 361.9,67,80
318,0318.jpg,5,ayam (5).jpg,36,,bukan,0.8261,177.5 0.0 230.7 20.7,53,21
319,0319.jpg,5,ayam (5).jpg,37,,bukan,0.8231,0.0 53.1 22.9 114.5,23,61
320,0320.jpg,5,ayam (5).jpg,38,,,0.8227,164.8 390.9 225.0 432.0,60,41
321,0321.jpg,5,ayam (5).jpg,39,,,0.8215,323.0 134.4 358.7 185.8,36,51
322,0322.jpg,5,ayam (5).jpg,40,,,0.818,306.1 30.1 344.2 64.4,38,34
323,0323.jpg,5,ayam (5).jpg,41,,,0.8172,354.6 3.6 389.4 36.4,35,33
324,0324.jpg,5,ayam (5).jpg,42,,,0.8143,248.0 69.3 296.2 110.2,48,41
325,0325.jpg,5,ayam (5).jpg,43,,,0.812,297.2 160.7 339.4 205.4,42,45
326,0326.jpg,5,ayam (5).jpg,44,,,0.8073,356.0 163.7 393.9 206.5,38,43
327,0327.jpg,5,ayam (5).jpg,45,,,0.8057,10.2 349.8 95.1 417.1,85,67
328,0328.jpg,5,ayam (5).jpg,46,,bukan,0.8046,302.1 118.1 328.3 161.5,26,43
329,0329.jpg,5,ayam (5).jpg,47,,,0.7973,128.3 142.0 183.6 222.7,55,81
330,0330.jpg,5,ayam (5).jpg,48,,bukan,0.7776,213.9 408.3 253.2 432.0,39,24
331,0331.jpg,5,ayam (5).jpg,49,,bukan,0.7675,332.8 0.0 362.2 26.3,29,26
332,0332.jpg,5,ayam (5).jpg,50,,bukan,0.7572,401.0 122.8 431.8 165.1,31,42
333,0333.jpg,5,ayam (5).jpg,51,,bukan,0.75,0.0 388.3 13.5 432.0,14,44
334,0334.jpg,5,ayam (5).jpg,52,,bukan,0.7299,414.0 186.3 432.0 231.6,18,45
335,0335.jpg,5,ayam (5).jpg,53,,bukan,0.7222,377.7 0.0 417.6 18.9,40,19
336,0336.jpg,5,ayam (5).jpg,54,,,0.7191,255.1 29.1 295.9 71.7,41,43
337,0337.jpg,5,ayam (5).jpg,55,,,0.6956,154.0 232.4 200.5 276.7,46,44
338,0338.jpg,5,ayam (5).jpg,56,,bukan,0.6913,412.8 2.3 432.0 31.8,19,30
339,0339.jpg,5,ayam (5).jpg,57,,bukan,0.6881,0.0 126.9 21.7 198.3,22,71
340,0340.jpg,5,ayam (5).jpg,58,,bukan,0.6861,422.8 335.6 432.0 384.6,9,49
341,0341.jpg,5,ayam (5).jpg,59,,bukan,0.6738,419.9 74.8 432.0 109.9,12,35
342,0342.jpg,5,ayam (5).jpg,60,,,0.672,165.0 254.8 245.3 313.5,80,59
343,0343.jpg,5,ayam (5).jpg,61,,,0.6624,219.6 258.0 288.4 291.1,69,33
344,0344.jpg,5,ayam (5).jpg,62,,,0.6577,85.5 235.8 149.8 313.8,64,78
345,0345.jpg,5,ayam (5).jpg,63,,,0.6296,63.6 155.7 123.5 211.6,60,56
346,0346.jpg,5,ayam (5).jpg,64,,bukan,0.6064,256.3 419.6 306.9 432.0,51,12
347,0347.jpg,5,ayam (5).jpg,65,,,0.5749,85.3 177.0 148.6 243.8,63,67
348,0348.jpg,5,ayam (5).jpg,66,,,0.5582,186.0 199.9 244.6 261.2,59,61
349,0349.jpg,5,ayam (5).jpg,67,,bukan,0.5325,39.4 418.7 108.4 432.0,69,13
350,0350.jpg,5,ayam (5).jpg,68,,bukan,0.4961,0.0 0.0 19.7 24.5,20,24
351,0351.jpg,5,ayam (5).jpg,69,,,0.4572,245.9 211.9 312.6 274.8,67,63
352,0352.jpg,5,ayam (5).jpg,70,,bukan,0.4549,422.5 255.4 432.0 295.2,10,40
353,0353.jpg,5,ayam (5).jpg,71,,,0.451,368.8 243.4 412.0 282.6,43,39
354,0354.jpg,5,ayam (5).jpg,72,,bukan,0.438,424.4 137.6 432.0 183.2,8,46
355,0355.jpg,5,ayam (5).jpg,73,,bukan,0.3573,287.0 85.2 313.9 120.4,27,35
356,0356.jpg,5,ayam (5).jpg,74,,,0.3471,367.4 259.3 418.2 326.3,51,67
357,0357.jpg,5,ayam (5).jpg,75,,bukan,0.3079,298.6 0.0 336.1 31.6,38,32
358,0358.jpg,6,ayam (6).jpg,0,,,0.8689,269.7 0.0 318.5 65.3,49,65
359,0359.jpg,6,ayam (6).jpg,1,,,0.8686,211.0 11.0 275.4 64.2,64,53
360,0360.jpg,6,ayam (6).jpg,2,,,0.8591,20.6 120.9 101.7 175.8,81,55
361,0361.jpg,6,ayam (6).jpg,3,,,0.8554,158.7 5.3 213.6 87.4,55,82
362,0362.jpg,6,ayam (6).jpg,4,,,0.8544,269.6 188.7 334.8 273.2,65,84
363,0363.jpg,6,ayam (6).jpg,5,,,0.8541,142.5 120.4 226.0 176.3,84,56
364,0364.jpg,6,ayam (6).jpg,6,,,0.8538,224.4 62.9 292.5 141.8,68,79
365,0365.jpg,6,ayam (6).jpg,7,,bukan,0.8515,0.0 0.1 72.7 28.5,73,28
366,0366.jpg,6,ayam (6).jpg,8,,,0.8482,10.5 26.1 82.7 75.8,72,50
367,0367.jpg,6,ayam (6).jpg,9,mati,mati,0.8469,11.1 70.7 71.1 123.6,60,53
368,0368.jpg,6,ayam (6).jpg,10,,,0.8463,15.1 177.4 84.8 264.0,70,87
369,0369.jpg,6,ayam (6).jpg,11,,,0.8428,160.6 174.8 246.1 234.7,86,60
370,0370.jpg,6,ayam (6).jpg,12,,,0.841,235.7 131.5 309.4 202.1,74,71
371,0371.jpg,6,ayam (6).jpg,13,,,0.8391,296.5 388.3 368.4 432.0,72,44
372,0372.jpg,6,ayam (6).jpg,14,,,0.8374,77.0 18.7 159.8 73.3,83,55
373,0373.jpg,6,ayam (6).jpg,15,,,0.8364,99.7 72.5 166.0 142.4,66,70
374,0374.jpg,6,ayam (6).jpg,16,,,0.8363,84.4 167.5 164.7 247.1,80,80
375,0375.jpg,6,ayam (6).jpg,17,,,0.8325,223.6 298.8 309.4 356.6,86,58
376,0376.jpg,6,ayam (6).jpg,18,,,0.822,43.4 258.1 136.6 329.3,93,71
377,0377.jpg,6,ayam (6).jpg,19,,bukan,0.8149,404.7 57.8 432.0 119.3,27,62
378,0378.jpg,6,ayam (6).jpg,20,,,0.7946,316.7 145.3 382.6 233.9,66,89
379,0379.jpg,6,ayam (6).jpg,21,,,0.7884,148.9 231.7 243.9 300.5,95,69
380,0380.jpg,6,ayam (6).jpg,22,,bukan,0.7738,0.0 105.3 27.5 175.5,28,70
381,0381.jpg,6,ayam (6).jpg,23,,,0.7366,85.4 370.3 171.8 432.0,86,62
382,0382.jpg,6,ayam (6).jpg,24,,,0.7335,58.2 48.4 118.2 108.2,60,60
383,0383.jpg,6,ayam (6).jpg,25,,,0.6546,391.5 0.0 432.0 54.1,40,54
384,0384.jpg,6,ayam (6).jpg,26,,bukan,0.6443,138.1 412.9 216.3 431.9,78,19
385,0385.jpg,6,ayam (6).jpg,27,,,0.6046,20.7 331.9 106.7 411.1,86,79
386,0386.jpg,6,ayam (6).jpg,28,,bukan,0.5683,86.2 0.0 153.3 18.9,67,19
387,0387.jpg,6,ayam (6).jpg,29,,,0.5497,332.3 226.4 362.5 288.8,30,62
388,0388.jpg,6,ayam (6).jpg,30,,bukan,0.5347,163.8 0.0 227.7 18.4,64,18
389,0389.jpg,6,ayam (6).jpg,31,,,0.5107,312.5 6.6 361.4 64.5,49,58
390,0390.jpg,6,ayam (6).jpg,32,,,0.4755,0.0 320.5 44.2 392.1,44,72
391,0391.jpg,6,ayam (6).jpg,33,,,0.434,379.5 142.8 432.0 192.0,52,49
392,0392.jpg,6,ayam (6).jpg,34,,,0.4235,289.1 286.9 367.9 348.3,79,61
393,0393.jpg,6,ayam (6).jpg,35,,bukan,0.4056,0.0 36.0 14.3 82.8,14,47
394,0394.jpg,6,ayam (6).jpg,36,,,0.4049,245.9 349.4 333.5 414.8,88,65
395,0395.jpg,6,ayam (6).jpg,37,,bukan,0.3491,421.8 399.8 432.0 431.8,10,32
396,0396.jpg,7,ayam (7).jpg,0,,,0.8907,156.2 4.7 203.5 38.9,47,34
397,0397.jpg,7,ayam (7).jpg,1,,,0.8875,195.0 157.1 254.0 201.8,59,45
398,0398.jpg,7,ayam (7).jpg,2,,,0.8821,297.3 3.0 343.7 39.0,46,36
399,0399.jpg,7,ayam (7).jpg,3,,,0.8814,372.4 174.0 432.0 215.3,60,41
400,0400.jpg,7,ayam (7).jpg,4,,bukan,0.8777,406.9 77.6 432.0 119.2,25,42
401,0401.jpg,7,ayam (7).jpg,5,,,0.8775,127.5 99.7 173.3 139.4,46,40
402,0402.jpg,7,ayam (7).jpg,6,,,0.8753,129.6 136.9 176.4 178.4,47,42
403,0403.jpg,7,ayam (7).jpg,7,,,0.8716,128.9 360.1 199.4 423.6,70,64
404,0404.jpg,7,ayam (7).jpg,8,,,0.8684,138.4 174.3 199.9 211.3,62,37
405,0405.jpg,7,ayam (7).jpg,9,,,0.8676,151.7 67.0 211.5 105.7,60,39
406,0406.jpg,7,ayam (7).jpg,10,,,0.8671,367.4 330.3 414.7 379.7,47,49
407,0407.jpg,7,ayam (7).jpg,11,,,0.8663,84.5 311.9 126.1 395.6,42,84
408,0408.jpg,7,ayam (7).jpg,12,,,0.8648,93.2 229.4 143.2 270.7,50,41
409,0409.jpg,7,ayam (7).jpg,13,,,0.8642,327.3 193.2 368.7 268.1,41,75
410,0410.jpg,7,ayam (7).jpg,14,,,0.8632,261.5 298.9 331.3 353.9,70,55
411,0411.jpg,7,ayam (7).jpg,15,,,0.8631,254.1 351.3 328.0 397.5,74,46
412,0412.jpg,7,ayam (7).jpg,16,,bukan,0.8625,394.8 393.0 432.0 432.0,37,39
413,0413.jpg,7,ayam (7).jpg,17,,,0.8604,68.2 202.6 122.9 250.5,55,48
414,0414.jpg,7,ayam (7).jpg,18,,,0.8598,121.2 297.1 176.7 370.1,55,73
415,0415.jpg,7,ayam (7).jpg,19,,,0.8594,342.9 294.3 420.6 340.6,78,46
416,0416.jpg,7,ayam (7).jpg,20,,,0.8591,160.7 206.6 205.2 263.4,44,57
417,0417.jpg,7,ayam (7).jpg,21,,,0.857,370.5 262.3 432.0 311.6,62,49
418,0418.jpg,7,ayam (7).jpg,22,,,0.8546,288.6 264.1 359.5 314.0,71,50
419,0419.jpg,7,ayam (7).jpg,23,,,0.8543,12.5 216.7 50.6 279.0,38,62
420,0420.jpg,7,ayam (7).jpg,24,,,0.8535,129.0 199.5 167.7 259.1,39,60
421,0421.jpg,7,ayam (7).jpg,25,,,0.8523,315.8 107.4 374.2 149.3,58,42
422,0422.jpg,7,ayam (7).jpg,26,,,0.8519,94.9 180.1 143.6 217.1,49,37
423,0423.jpg,7,ayam (7).jpg,27,,,0.8512,397.4 42.9 432.0 84.8,35,42
424,0424.jpg,7,ayam (7).jpg,28,,,0.8509,362.4 0.0 418.7 40.4,56,40
425,0425.jpg,7,ayam (7).jpg,29,,,0.8507,20.3 263.3 83.4 315.0,63,52
426,0426.jpg,7,ayam (7).jpg,30,,,0.8503,34.6 64.3 72.7 116.6,38,52
427,0427.jpg,7,ayam (7).jpg,31,,,0.8464,315.1 18.1 365.6 60.8,50,43
428,0428.jpg,7,ayam (7).jpg,32,,,0.845,106.6 259.0 175.5 313.5,69,54
429,0429.jpg,7,ayam (7).jpg,33,,,0.8444,34.0 198.6 78.2 247.2,44,49
430,0430.jpg,7,ayam (7).jpg,34,,,0.8437,172.9 235.3 221.9 312.4,49,77
431,0431.jpg,7,ayam (7).jpg,35,,,0.8416,315.1 361.6 402.1 425.5,87,64
432,0432.jpg,7,ayam (7).jpg,36,,,0.8387,348.1 148.8 400.5 196.1,52,47
433,0433.jpg,7,ayam (7).jpg,37,,,0.8376,56.3 277.6 101.0 340.1,45,62
434,0434.jpg,7,ayam (7).jpg,38,,,0.8347,362.2 213.3 416.9 279.2,55,66
435,0435.jpg,7,ayam (7).jpg,39,,bukan,0.8343,0.0 197.5 42.3 230.5,42,33
436,0436.jpg,7,ayam (7).jpg,40,,,0.8337,26.4 340.5 89.1 423.4,63,83
437,0437.jpg,7,ayam (7).jpg,41,mati,,0.8292,355.5 37.9 407.9 88.2,52,50
438,0438.jpg,7,ayam (7).jpg,42,,,0.8244,37.4 164.8 80.6 204.8,43,40
439,0439.jpg,7,ayam (7).jpg,43,,,0.8057,280.8 210.6 330.7 284.8,50,74
440,0440.jpg,7,ayam (7).jpg,44,,,0.805,99.4 123.5 134.0 162.9,35,39
441,0441.jpg,7,ayam (7).jpg,45,,,0.8004,281.5 73.3 326.8 126.0,45,53
442,0442.jpg,7,ayam (7).jpg,46,,,0.7953,77.0 151.0 127.5 193.6,50,43
443,0443.jpg,7,ayam (7).jpg,47,,,0.7869,206.5 24.2 255.7 81.1,49,57
444,0444.jpg,7,ayam (7).jpg,48,,bukan,0.7825,0.0 335.2 19.6 385.7,20,50
445,0445.jpg,7,ayam (7).jpg,49,,,0.7823,205.0 118.2 273.8 155.6,69,37
446,0446.jpg,7,ayam (7).jpg,50,,bukan,0.7774,414.9 312.7 432.0 368.6,17,56
447,0447.jpg,7,ayam (7).jpg,51,,bukan,0.7753,407.3 205.0 432.0 271.4,25,66
448,0448.jpg,7,ayam (7).jpg,52,,bukan,0.7753,244.1 411.8 300.9 432.0,57,20
449,0449.jpg,7,ayam (7).jpg,53,,bukan,0.7579,0.0 58.2 13.0 87.2,13,29
450,0450.jpg,7,ayam (7).jpg,54,,bukan,0.7467,307.2 157.9 338.6 201.8,31,44
451,0451.jpg,7,ayam (7).jpg,55,,bukan,0.725,72.1 0.2 111.7 29.8,40,30
452,0452.jpg,7,ayam (7).jpg,56,,bukan,0.706,53.3 0.0 83.4 14.2,30,14
453,0453.jpg,7,ayam (7).jpg,57,,,0.6926,30.6 39.3 68.6 86.7,38,47
454,0454.jpg,7,ayam (7).jpg,58,,,0.678,176.2 142.9 214.0 178.6,38,36
455,0455.jpg,7,ayam (7).jpg,59,,bukan,0.6676,0.0 227.1 23.3 281.7,23,55
456,0456.jpg,7,ayam (7).jpg,60,,,0.649,237.6 59.3 283.9 115.4,46,56
457,0457.jpg,7,ayam (7).jpg,61,,,0.6064,225.7 47.7 278.9 98.8,53,51
458,0458.jpg,7,ayam (7).jpg,62,,,0.6028,13.2 34.0 55.2 68.2,42,34
459,0459.jpg,7,ayam (7).jpg,63,,,0.5868,25.9 116.1 69.9 139.4,44,23
460,0460.jpg,7,ayam (7).jpg,64,,,0.5825,237.1 367.4 281.5 428.3,44,61
461,0461.jpg,7,ayam (7).jpg,65,,bukan,0.5442,0.0 228.3 15.5 281.7,16,53
462,0462.jpg,7,ayam (7).jpg,66,,bukan,0.537,97.3 420.4 156.9 432.0,60,12
463,0463.jpg,7,ayam (7).jpg,67,,bukan,0.5274,249.0 254.5 283.8 318.7,35,64
464,0464.jpg,7,ayam (7).jpg,68,,,0.4933,193.3 100.2 246.9 137.8,54,38
465,0465.jpg,7,ayam (7).jpg,69,,,0.4907,190.6 107.2 275.8 154.8,85,48
466,0466.jpg,7,ayam (7).jpg,70,,bukan,0.4418,97.6 0.0 148.3 11.2,51,11
467,0467.jpg,7,ayam (7).jpg,71,,,0.4063,237.0 211.9 277.4 260.4,40,48
468,0468.jpg,7,ayam (7).jpg,72,,,0.3838,221.4 47.2 276.6 85.3,55,38
469,0469.jpg,7,ayam (7).jpg,73,,bukan,0.339,339.3 0.0 362.1 18.6,23,19
470,0470.jpg,8,ayam (8).jpg,0,,,0.8949,373.8 231.3 423.8 273.7,50,42
471,0471.jpg,8,ayam (8).jpg,1,,,0.8906,122.5 159.7 169.6 193.6,47,34
472,0472.jpg,8,ayam (8).jpg,2,,,0.884,284.9 40.1 319.9 70.1,35,30
473,0473.jpg,8,ayam (8).jpg,3,,,0.8834,105.3 328.2 165.5 365.1,60,37
474,0474.jpg,8,ayam (8).jpg,4,,,0.8832,264.3 158.2 310.1 193.1,46,35
475,0475.jpg,8,ayam (8).jpg,5,,,0.883,373.7 358.6 418.0 423.0,44,64
476,0476.jpg,8,ayam (8).jpg,6,,,0.8798,338.1 327.8 406.8 369.0,69,41
477,0477.jpg,8,ayam (8).jpg,7,,,0.8797,2.2 352.8 44.5 402.3,42,50
478,0478.jpg,8,ayam (8).jpg,8,,,0.8758,160.2 311.4 220.0 353.8,60,42
479,0479.jpg,8,ayam (8).jpg,9,,,0.8722,93.6 254.3 138.6 294.1,45,40
480,0480.jpg,8,ayam (8).jpg,10,,,0.8717,294.6 347.9 335.4 420.7,41,73
481,0481.jpg,8,ayam (8).jpg,11,,,0.8687,134.7 95.9 158.8 128.5,24,33
482,0482.jpg,8,ayam (8).jpg,12,,,0.8679,115.9 221.2 177.8 260.6,62,39
483,0483.jpg,8,ayam (8).jpg,13,,,0.8636,126.8 361.8 171.6 418.2,45,56
484,0484.jpg,8,ayam (8).jpg,14,,bukan,0.8633,255.0 0.0 281.7 16.4,27,16
485,0485.jpg,8,ayam (8).jpg,15,,bukan,0.8623,4.4 122.4 45.2 150.7,41,28
486,0486.jpg,8,ayam (8).jpg,16,,bukan,0.8581,0.7 91.9 29.1 115.3,28,23
487,0487.jpg,8,ayam (8).jpg,17,,,0.8575,35.8 357.2 89.2 404.9,53,48
488,0488.jpg,8,ayam (8).jpg,18,,,0.8568,328.3 152.9 384.7 194.5,56,42
489,0489.jpg,8,ayam (8).jpg,19,,,0.8557,60.3 383.9 109.7 424.9,49,41
490,0490.jpg,8,ayam (8).jpg,20,,,0.8554,283.9 261.9 340.9 303.1,57,41
491,0491.jpg,8,ayam (8).jpg,21,,,0.855,96.0 291.8 142.4 332.9,46,41
492,0492.jpg,8,ayam (8).jpg,22,,,0.8533,363.9 199.7 415.1 240.2,51,40
493,0493.jpg,8,ayam (8).jpg,23,,,0.8532,314.4 303.7 367.3 350.9,53,47
494,0494.jpg,8,ayam (8).jpg,24,,,0.852,2.2 219.9 39.2 271.0,37,51
495,0495.jpg,8,ayam (8).jpg,25,,,0.851,328.8 367.5 383.3 427.8,54,60
496,0496.jpg,8,ayam (8).jpg,26,,,0.8496,95.0 354.0 133.5 413.6,38,60
497,0497.jpg,8,ayam (8).jpg,27,,,0.8492,62.0 334.5 110.0 372.6,48,38
498,0498.jpg,8,ayam (8).jpg,28,,,0.8444,281.8 172.9 332.2 215.3,50,42
499,0499.jpg,8,ayam (8).jpg,29,,,0.8443,4.1 317.7 44.8 359.7,41,42
500,0500.jpg,8,ayam (8).jpg,30,,,0.8384,147.2 102.3 203.9 147.9,57,46
501,0501.jpg,8,ayam (8).jpg,31,,bukan,0.8382,409.0 265.5 432.0 306.4,23,41
502,0502.jpg,8,ayam (8).jpg,32,,,0.8359,174.7 270.7 241.1 308.8,66,38
503,0503.jpg,8,ayam (8).jpg,33,,,0.8327,249.8 365.1 298.0 426.7,48,62
504,0504.jpg,8,ayam (8).jpg,34,,,0.8318,240.7 114.5 285.4 154.1,45,40
505,0505.jpg,8,ayam (8).jpg,35,,,0.8303,136.7 390.2 193.3 431.9,57,42
506,0506.jpg,8,ayam (8).jpg,36,,bukan,0.8264,37.3 93.1 69.8 119.2,32,26
507,0507.jpg,8,ayam (8).jpg,37,,bukan,0.8245,66.2 278.9 100.4 317.1,34,38
508,0508.jpg,8,ayam (8).jpg,38,mati,mati,0.8134,322.3 192.0 377.8 243.2,56,51
509,0509.jpg,8,ayam (8).jpg,39,,bukan,0.8112,412.9 349.5 432.0 417.3,19,68
510,0510.jpg,8,ayam (8).jpg,40,,,0.8101,247.7 227.3 294.8 278.9,47,52
511,0511.jpg,8,ayam (8).jpg,41,,,0.8034,381.3 2.7 432.0 41.4,51,39
512,0512.jpg,8,ayam (8).jpg,42,,bukan,0.7976,232.7 0.0 257.4 13.6,25,14
513,0513.jpg,8,ayam (8).jpg,43,,bukan,0.7883,80.7 414.2 139.4 431.9,59,18
514,0514.jpg,8,ayam (8).jpg,44,,,0.7881,91.3 98.9 136.1 132.4,45,34
515,0515.jpg,8,ayam (8).jpg,45,,,0.783,362.7 56.6 410.8 99.7,48,43
516,0516.jpg,8,ayam (8).jpg,46,,,0.7826,251.1 39.4 283.9 63.8,33,24
517,0517.jpg,8,ayam (8).jpg,47,,bukan,0.7801,332.5 0.0 363.6 15.0,31,15
518,0518.jpg,8,ayam (8).jpg,48,,,0.7794,270.4 310.5 305.4 355.1,35,45
519,0519.jpg,8,ayam (8).jpg,49,,,0.776,172.8 177.9 222.5 234.6,50,57
520,0520.jpg,8,ayam (8).jpg,50,,,0.7692,41.5 305.4 95.1 347.5,54,42
521,0521.jpg,8,ayam (8).jpg,51,,bukan,0.7672,0.0 417.3 45.5 432.0,46,15
522,0522.jpg,8,ayam (8).jpg,52,,bukan,0.7623,413.9 90.3 432.0 118.3,18,28
523,0523.jpg,8,ayam (8).jpg,53,,bukan,0.7601,192.8 36.6 233.3 61.4,40,25
524,0524.jpg,8,ayam (8).jpg,54,,,0.7466,389.2 40.6 432.0 82.8,43,42
525,0525.jpg,8,ayam (8).jpg,55,,,0.7416,211.9 113.2 243.8 157.7,32,44
526,0526.jpg,8,ayam (8).jpg,56,,bukan,0.738,172.3 0.0 201.6 15.1,29,15
527,0527.jpg,8,ayam (8).jpg,57,,,0.7358,69.8 45.0 93.6 71.6,24,27
528,0528.jpg,8,ayam (8).jpg,58,,,0.7285,187.0 111.1 216.2 155.7,29,45
529,0529.jpg,8,ayam (8).jpg,59,,,0.7214,1.5 193.3 36.2 239.3,35,46
530,0530.jpg,8,ayam (8).jpg,60,,,0.7113,142.1 296.8 180.0 334.7,38,38
531,0531.jpg,8,ayam (8).jpg,61,,,0.7111,206.8 61.0 234.6 95.8,28,35
532,0532.jpg,8,ayam (8).jpg,62,,,0.7061,238.5 59.4 286.5 91.8,48,32
533,0533.jpg,8,ayam (8).jpg,63,,,0.7061,155.6 82.9 183.2 110.9,28,28
534,0534.jpg,8,ayam (8).jpg,64,,bukan,0.692,0.0 365.7 17.6 420.7,18,55
535,0535.jpg,8,ayam (8).jpg,65,,,0.6825,0.6 270.6 37.0 294.1,36,24
536,0536.jpg,8,ayam (8).jpg,66,,bukan,0.6807,348.6 416.5 415.9 432.0,67,16
537,0537.jpg,8,ayam (8).jpg,67,,bukan,0.6802,419.8 136.2 432.0 174.9,12,39
538,0538.jpg,8,ayam (8).jpg,68,,,0.6797,283.9 129.3 312.1 160.0,28,31
539,0539.jpg,8,ayam (8).jpg,69,,,0.6704,55.1 8.8 85.5 27.9,30,19
540,0540.jpg,8,ayam (8).jpg,70,,,0.6639,232.3 28.7 260.6 55.6,28,27
541,0541.jpg,8,ayam (8).jpg,71,,,0.6624,100.1 0.2 148.9 28.7,49,28
542,0542.jpg,8,ayam (8).jpg,72,,,0.6546,88.0 27.5 132.3 68.2,44,41
543,0543.jpg,8,ayam (8).jpg,73,,,0.6362,160.6 254.7 211.0 294.0,50,39
544,0544.jpg,8,ayam (8).jpg,74,,,0.6258,227.4 54.1 258.0 77.8,31,24
545,0545.jpg,8,ayam (8).jpg,75,,,0.5914,25.0 79.0 56.9 105.6,32,27
546,0546.jpg,8,ayam (8).jpg,76,,,0.584,192.0 202.7 250.6 252.0,59,49
547,0547.jpg,8,ayam (8).jpg,77,,bukan,0.5769,181.2 58.6 212.3 103.5,31,45
548,0548.jpg,8,ayam (8).jpg,78,,bukan,0.5557,261.8 418.6 329.1 432.0,67,13
549,0549.jpg,8,ayam (8).jpg,79,,,0.5505,40.2 152.2 79.9 179.0,40,27
550,0550.jpg,8,ayam (8).jpg,80,,,0.549,24.1 53.7 59.1 71.7,35,18
551,0551.jpg,8,ayam (8).jpg,81,,,0.5489,129.5 11.6 162.1 44.5,33,33
552,0552.jpg,8,ayam (8).jpg,82,,bukan,0.536,392.6 0.0 431.6 10.2,39,10
553,0553.jpg,8,ayam (8).jpg,83,,,0.5304,206.8 218.7 248.2 270.0,41,51
554,0554.jpg,8,ayam (8).jpg,84,,,0.5236,40.5 142.1 81.2 178.9,41,37
555,0555.jpg,8,ayam (8).jpg,85,,,0.5101,333.3 24.0 371.3 57.2,38,33
556,0556.jpg,8,ayam (8).jpg,86,,,0.5026,19.4 143.0 52.1 169.0,33,26
557,0557.jpg,8,ayam (8).jpg,87,,,0.4829,106.0 70.0 124.6 96.2,19,26
558,0558.jpg,8,ayam (8).jpg,88,,,0.4512,204.8 3.8 255.0 31.6,50,28
559,0559.jpg,8,ayam (8).jpg,89,,bukan,0.4395,419.5 321.5 432.0 358.6,12,37
560,0560.jpg,8,ayam (8).jpg,90,,,0.4188,0.0 189.1 21.7 231.0,22,42
561,0561.jpg,8,ayam (8).jpg,91,,,0.4162,306.9 136.0 342.7 173.3,36,37
562,0562.jpg,8,ayam (8).jpg,92,,bukan,0.3943,65.4 0.0 97.4 14.5,32,14
563,0563.jpg,8,ayam (8).jpg,93,,,0.3778,284.9 111.1 336.7 142.9,52,32
564,0564.jpg,8,ayam (8).jpg,94,,,0.3532,323.0 66.1 358.9 107.0,36,41
565,0565.jpg,8,ayam (8).jpg,95,,,0.3246,8.9 30.1 35.5 57.9,27,28
566,0566.jpg,8,ayam (8).jpg,96,,,0.3079,207.0 2.9 254.8 23.6,48,21
567,0567.jpg,8,ayam (8).jpg,97,,,0.3056,50.5 37.3 86.5 56.2,36,19
568,0568.jpg,8,ayam (8).jpg,98,,,0.3019,153.0 63.1 188.6 84.4,36,21
569,0569.jpg,8,ayam (8).jpg,99,,,0.2875,286.1 77.0 333.2 122.6,47,46
570,0570.jpg,8,ayam (8).jpg,100,,,0.2833,181.3 76.0 211.4 103.5,30,28
571,0571.jpg,8,ayam (8).jpg,101,,bukan,0.2776,58.8 0.1 85.5 8.2,27,8
572,0572.jpg,8,ayam (8).jpg,102,,,0.2721,50.7 24.4 91.0 56.0,40,32
573,0573.jpg,8,ayam (8).jpg,103,,,0.2692,288.8 77.2 326.3 105.6,38,28
574,0574.jpg,8,ayam (8).jpg,104,,,0.2546,204.1 357.8 255.9 415.4,52,58
575,0575.jpg,8,ayam (8).jpg,105,,bukan,0.2532,199.4 0.1 233.3 7.4,34,7
576,0576.jpg,9,ayam (9).png,0,,,0.8931,253.9 304.9 305.3 346.6,51,42
577,0577.jpg,9,ayam (9).png,1,,,0.8803,142.4 296.6 204.0 342.8,62,46
578,0578.jpg,9,ayam (9).png,2,,,0.8736,114.8 358.0 175.5 396.9,61,39
579,0579.jpg,9,ayam (9).png,3,,,0.8668,272.4 69.3 339.8 124.1,67,55
580,0580.jpg,9,ayam (9).png,4,,,0.8631,155.1 102.0 212.2 173.8,57,72
581,0581.jpg,9,ayam (9).png,5,,,0.8625,73.6 128.0 138.4 185.2,65,57
582,0582.jpg,9,ayam (9).png,6,,,0.8624,287.5 125.1 358.4 172.0,71,47
583,0583.jpg,9,ayam (9).png,7,,,0.8612,72.6 348.9 119.3 390.1,47,41
584,0584.jpg,9,ayam (9).png,8,,,0.8592,286.6 16.6 361.8 73.2,75,57
585,0585.jpg,9,ayam (9).png,9,,,0.8587,94.7 178.5 145.0 244.5,50,66
586,0586.jpg,9,ayam (9).png,10,,,0.8579,36.2 189.7 94.3 246.4,58,57
587,0587.jpg,9,ayam (9).png,11,,bukan,0.8562,247.1 375.0 298.0 400.0,51,25
588,0588.jpg,9,ayam (9).png,12,,,0.8554,179.7 180.5 223.8 248.2,44,68
589,0589.jpg,9,ayam (9).png,13,,,0.8541,187.3 1.4 240.3 67.9,53,66
590,0590.jpg,9,ayam (9).png,14,,,0.8527,23.2 327.8 75.5 362.8,52,35
591,0591.jpg,9,ayam (9).png,15,,,0.8492,12.4 66.3 101.7 121.9,89,56
592,0592.jpg,9,ayam (9).png,16,,,0.8473,113.5 51.5 175.4 118.8,62,67
593,0593.jpg,9,ayam (9).png,17,,,0.8468,247.6 232.0 300.3 284.3,53,52
594,0594.jpg,9,ayam (9).png,18,,,0.8451,96.0 303.2 149.9 363.0,54,60
595,0595.jpg,9,ayam (9).png,19,,,0.843,205.2 322.1 257.5 363.8,52,42
596,0596.jpg,9,ayam (9).png,20,,,0.8356,32.7 286.2 74.1 329.8,41,44
597,0597.jpg,9,ayam (9).png,21,,,0.8355,203.2 69.8 274.9 133.1,72,63
598,0598.jpg,9,ayam (9).png,22,,,0.8318,237.2 4.5 300.6 69.6,63,65
599,0599.jpg,9,ayam (9).png,23,,,0.8297,138.1 183.2 186.8 242.0,49,59
600,0600.jpg,9,ayam (9).png,24,,,0.8289,298.5 168.1 345.6 233.1,47,65
601,0601.jpg,9,ayam (9).png,25,,,0.8277,34.0 234.1 88.4 272.2,54,38
602,0602.jpg,9,ayam (9).png,26,,,0.8255,89.1 224.2 140.5 271.6,51,47
603,0603.jpg,9,ayam (9).png,27,mati,mati,0.8217,282.6 341.6 338.4 380.8,56,39
604,0604.jpg,9,ayam (9).png,28,,bukan,0.8154,374.1 27.6 400.0 87.5,26,60
605,0605.jpg,9,ayam (9).png,29,,,0.7962,306.4 310.0 339.9 347.4,34,37
606,0606.jpg,9,ayam (9).png,30,,,0.7955,339.6 74.6 400.0 129.5,60,55
607,0607.jpg,9,ayam (9).png,31,,,0.7867,310.8 186.2 381.2 233.0,70,47
608,0608.jpg,9,ayam (9).png,32,,,0.78,121.9 6.0 193.0 57.0,71,51
609,0609.jpg,9,ayam (9).png,33,,,0.7798,218.7 174.2 269.0 230.8,50,57
610,0610.jpg,9,ayam (9).png,34,,,0.7794,336.3 323.7 366.8 365.9,30,42
611,0611.jpg,9,ayam (9).png,35,,,0.7781,36.1 141.5 87.1 194.5,51,53
612,0612.jpg,9,ayam (9).png,36,,bukan,0.7763,384.0 145.8 400.0 202.6,16,57
613,0613.jpg,9,ayam (9).png,37,,,0.7679,221.8 145.4 294.6 189.6,73,44
614,0614.jpg,9,ayam (9).png,38,,bukan,0.764,367.9 0.0 400.0 23.2,32,23
615,0615.jpg,9,ayam (9).png,39,,,0.7615,1.8 0.2 81.3 52.4,80,52
616,0616.jpg,9,ayam (9).png,40,,,0.7613,345.9 363.9 391.4 399.7,46,36
617,0617.jpg,9,ayam (9).png,41,,,0.7265,267.6 173.5 301.0 230.7,33,57
618,0618.jpg,9,ayam (9).png,42,,,0.707,128.4 141.0 176.2 200.3,48,59
619,0619.jpg,9,ayam (9).png,43,,,0.7017,196.9 227.7 249.5 289.6,53,62
620,0620.jpg,9,ayam (9).png,44,,,0.6977,290.6 260.7 350.2 309.9,60,49
621,0621.jpg,9,ayam (9).png,45,,,0.6904,247.7 343.7 297.4 367.9,50,24
622,0622.jpg,9,ayam (9).png,46,,bukan,0.6417,311.0 385.3 347.6 400.0,37,15
623,0623.jpg,9,ayam (9).png,47,,,0.63,62.7 26.0 123.6 108.6,61,83
624,0624.jpg,9,ayam (9).png,48,,bukan,0.6281,99.0 385.9 141.0 400.0,42,14
625,0625.jpg,9,ayam (9).png,49,,bukan,0.5947,202.6 393.1 251.4 400.0,49,7
626,0626.jpg,9,ayam (9).png,50,,bukan,0.5947,216.1 0.0 293.6 21.1,78,21
627,0627.jpg,9,ayam (9).png,51,,,0.5946,333.9 284.3 373.5 329.3,40,45
628,0628.jpg,9,ayam (9).png,52,,bukan,0.5856,41.2 384.8 78.5 400.0,37,15
629,0629.jpg,9,ayam (9).png,53,,bukan,0.5804,375.7 187.2 400.0 241.7,24,54
630,0630.jpg,9,ayam (9).png,54,,bukan,0.5147,76.3 385.5 109.0 400.0,33,14
631,0631.jpg,9,ayam (9).png,55,,,0.5115,0.0 194.6 41.0 236.6,41,42
632,0632.jpg,9,ayam (9).png,56,,,0.4769,362.1 109.3 400.0 145.3,38,36
633,0633.jpg,9,ayam (9).png,57,,bukan,0.4545,390.8 343.8 400.0 375.7,9,32
634,0634.jpg,9,ayam (9).png,58,,bukan,0.4376,140.0 0.1 196.5 11.1,56,11
635,0635.jpg,9,ayam (9).png,59,,bukan,0.3493,387.8 322.0 400.0 349.1,12,27
636,0636.jpg,9,ayam (9).png,60,,bukan,0.2867,391.5 369.6 400.0 397.6,8,28
637,0637.jpg,10,ayam (10).jpg,0,,,0.9085,0.0 114.6 42.0 156.0,42,41
638,0638.jpg,10,ayam (10).jpg,1,,,0.8956,318.7 172.6 368.1 224.2,49,52
639,0639.jpg,10,ayam (10).jpg,2,,,0.8912,360.9 212.4 404.3 257.4,43,45
640,0640.jpg,10,ayam (10).jpg,3,,,0.8871,129.7 231.3 179.4 273.8,50,42
641,0641.jpg,10,ayam (10).jpg,4,,,0.8832,129.8 358.7 174.6 423.1,45,64
642,0642.jpg,10,ayam (10).jpg,5,,,0.8831,230.2 122.5 282.9 159.2,53,37
643,0643.jpg,10,ayam (10).jpg,6,,,0.8815,279.6 122.9 330.4 164.9,51,42
644,0644.jpg,10,ayam (10).jpg,7,,,0.8809,40.9 40.0 75.9 69.6,35,30
645,0645.jpg,10,ayam (10).jpg,8,,,0.8778,20.1 158.0 66.2 193.5,46,36
646,0646.jpg,10,ayam (10).jpg,9,,,0.8774,170.0 86.9 218.3 118.3,48,31
647,0647.jpg,10,ayam (10).jpg,10,,,0.8757,176.0 126.0 228.4 174.1,52,48
648,0648.jpg,10,ayam (10).jpg,11,,,0.8755,94.3 327.7 163.2 368.8,69,41
649,0649.jpg,10,ayam (10).jpg,12,,,0.8742,50.5 347.8 91.6 421.0,41,73
650,0650.jpg,10,ayam (10).jpg,13,,,0.8731,194.8 1.9 242.6 30.8,48,29
651,0651.jpg,10,ayam (10).jpg,14,,,0.8719,291.2 346.3 357.7 408.9,66,63
652,0652.jpg,10,ayam (10).jpg,15,,,0.8673,352.9 349.8 403.1 418.3,50,68
653,0653.jpg,10,ayam (10).jpg,16,,,0.8651,271.6 312.4 342.1 357.8,70,45
654,0654.jpg,10,ayam (10).jpg,17,,,0.8646,39.9 261.7 96.8 303.6,57,42
655,0655.jpg,10,ayam (10).jpg,18,,,0.8626,84.5 153.1 142.2 194.8,58,42
656,0656.jpg,10,ayam (10).jpg,19,,,0.8593,70.3 303.9 123.0 351.4,53,48
657,0657.jpg,10,ayam (10).jpg,20,,,0.8576,338.6 75.5 385.5 101.8,47,26
658,0658.jpg,10,ayam (10).jpg,21,,,0.857,164.4 258.7 236.3 308.2,72,50
659,0659.jpg,10,ayam (10).jpg,22,,,0.855,212.7 171.0 277.0 234.1,64,63
660,0660.jpg,10,ayam (10).jpg,23,,,0.8543,169.5 347.6 226.1 429.2,57,82
661,0661.jpg,10,ayam (10).jpg,24,,,0.8539,378.7 332.2 432.0 395.0,53,63
662,0662.jpg,10,ayam (10).jpg,25,,bukan,0.8532,10.9 0.0 37.6 16.5,27,16
663,0663.jpg,10,ayam (10).jpg,26,,,0.8502,174.3 319.4 263.4 365.1,89,46
664,0664.jpg,10,ayam (10).jpg,27,,,0.8498,240.9 252.4 301.5 297.8,61,45
665,0665.jpg,10,ayam (10).jpg,28,,,0.8498,85.1 367.3 139.9 427.5,55,60
666,0666.jpg,10,ayam (10).jpg,29,,,0.8472,196.2 29.6 246.4 75.2,50,46
667,0667.jpg,10,ayam (10).jpg,30,,,0.8468,120.4 199.5 170.7 240.0,50,40
668,0668.jpg,10,ayam (10).jpg,31,,,0.8462,331.4 136.9 386.6 174.8,55,38
669,0669.jpg,10,ayam (10).jpg,32,,,0.842,200.5 92.0 248.2 127.8,48,36
670,0670.jpg,10,ayam (10).jpg,33,,,0.8407,37.4 173.1 88.0 214.7,51,42
671,0671.jpg,10,ayam (10).jpg,34,,,0.8399,216.6 367.1 292.4 428.4,76,61
672,0672.jpg,10,ayam (10).jpg,35,,,0.8301,136.3 3.0 196.0 41.7,60,39
673,0673.jpg,10,ayam (10).jpg,36,,,0.8298,145.1 40.5 199.4 82.8,54,42
674,0674.jpg,10,ayam (10).jpg,37,,,0.824,5.2 365.1 53.9 429.2,49,64
675,0675.jpg,10,ayam (10).jpg,38,,,0.8182,294.5 221.3 364.7 261.3,70,40
676,0676.jpg,10,ayam (10).jpg,39,,,0.8165,330.5 93.0 372.8 118.4,42,25
677,0677.jpg,10,ayam (10).jpg,40,,,0.8141,336.8 114.7 380.6 145.9,44,31
678,0678.jpg,10,ayam (10).jpg,41,,,0.814,219.8 287.9 285.0 330.6,65,43
679,0679.jpg,10,ayam (10).jpg,42,,,0.8082,325.1 18.1 370.4 59.7,45,42
680,0680.jpg,10,ayam (10).jpg,43,,,0.8077,361.3 158.7 396.6 203.5,35,45
681,0681.jpg,10,ayam (10).jpg,44,,,0.8029,312.4 248.1 365.1 304.4,53,56
682,0682.jpg,10,ayam (10).jpg,45,mati,mati,0.7955,78.3 191.9 131.9 243.7,54,52
683,0683.jpg,10,ayam (10).jpg,46,,,0.7914,0.0 59.9 42.7 91.9,43,32
684,0684.jpg,10,ayam (10).jpg,47,,bukan,0.7736,88.8 0.0 119.4 15.0,31,15
685,0685.jpg,10,ayam (10).jpg,48,,,0.7733,120.1 59.0 168.0 99.8,48,41
686,0686.jpg,10,ayam (10).jpg,49,,,0.7716,293.6 117.4 343.7 143.8,50,26
687,0687.jpg,10,ayam (10).jpg,50,,,0.7697,236.3 81.2 295.4 128.1,59,47
688,0688.jpg,10,ayam (10).jpg,51,,bukan,0.7609,0.1 27.2 16.4 56.9,16,30
689,0689.jpg,10,ayam (10).jpg,52,,,0.7589,5.9 39.2 39.7 64.1,34,25
690,0690.jpg,10,ayam (10).jpg,53,,bukan,0.7581,411.7 52.7 432.0 82.2,20,30
691,0691.jpg,10,ayam (10).jpg,54,,bukan,0.7538,414.8 0.0 432.0 11.5,17,12
692,0692.jpg,10,ayam (10).jpg,55,,,0.7518,40.0 129.1 68.1 160.2,28,31
693,0693.jpg,10,ayam (10).jpg,56,,bukan,0.7444,0.1 357.7 13.5 414.9,13,57
694,0694.jpg,10,ayam (10).jpg,57,,,0.7423,211.2 146.7 261.6 180.4,50,34
695,0695.jpg,10,ayam (10).jpg,58,,,0.708,3.7 226.8 47.6 279.1,44,52
696,0696.jpg,10,ayam (10).jpg,59,,,0.705,402.3 213.2 430.7 254.1,28,41
697,0697.jpg,10,ayam (10).jpg,60,,,0.6777,26.3 311.1 61.1 355.1,35,44
698,0698.jpg,10,ayam (10).jpg,61,,bukan,0.6582,0.1 0.0 13.2 16.9,13,17
699,0699.jpg,10,ayam (10).jpg,62,,bukan,0.6529,99.2 416.6 173.3 432.0,74,15
700,0700.jpg,10,ayam (10).jpg,63,,,0.6405,404.7 30.6 431.6 55.2,27,25
701,0701.jpg,10,ayam (10).jpg,64,,bukan,0.6151,0.0 203.4 8.5 259.4,8,56
702,0702.jpg,10,ayam (10).jpg,65,,bukan,0.6044,18.5 418.5 85.2 432.0,67,14
703,0703.jpg,10,ayam (10).jpg,66,,bukan,0.5871,320.5 0.1 367.6 9.3,47,9
704,0704.jpg,10,ayam (10).jpg,67,,,0.5783,384.4 137.4 412.9 159.9,28,22
705,0705.jpg,10,ayam (10).jpg,68,,,0.5755,89.2 23.3 128.4 58.5,39,35
706,0706.jpg,10,ayam (10).jpg,69,,bukan,0.552,148.6 0.0 188.8 10.1,40,10
707,0707.jpg,10,ayam (10).jpg,70,,,0.5518,411.4 80.0 432.0 117.8,21,38
708,0708.jpg,10,ayam (10).jpg,71,,,0.5207,307.1 96.2 344.6 124.2,38,28
709,0709.jpg,10,ayam (10).jpg,72,,,0.4913,359.0 20.4 388.0 48.1,29,28
710,0710.jpg,10,ayam (10).jpg,73,,,0.4345,45.5 77.0 82.3 104.3,37,27
711,0711.jpg,10,ayam (10).jpg,74,,,0.4267,62.9 134.4 102.3 173.2,39,39
712,0712.jpg,10,ayam (10).jpg,75,,bukan,0.4075,414.0 123.8 431.9 176.2,18,52
713,0713.jpg,10,ayam (10).jpg,76,,bukan,0.3669,62.9 135.8 88.5 173.4,26,38
714,0714.jpg,10,ayam (10).jpg,77,,bukan,0.3598,0.0 2.9 11.4 27.5,11,25
715,0715.jpg,10,ayam (10).jpg,78,,bukan,0.3381,0.0 53.0 13.8 78.6,14,26
716,0716.jpg,10,ayam (10).jpg,79,,bukan,0.3319,42.1 112.5 90.8 141.2,49,29
717,0717.jpg,10,ayam (10).jpg,80,,bukan,0.3207,380.8 259.7 431.8 325.9,51,66
718,0718.jpg,10,ayam (10).jpg,81,,,0.2906,78.7 67.4 113.8 105.0,35,38
719,0719.jpg,11,ayam (11).png,0,,bukan,0.8826,0.0 331.1 47.4 378.1,47,47
720,0720.jpg,11,ayam (11).png,1,,,0.8766,242.5 303.9 282.8 368.4,40,64
721,0721.jpg,11,ayam (11).png,2,,,0.8673,338.9 342.0 378.0 379.6,39,38
722,0722.jpg,11,ayam (11).png,3,,,0.8628,69.1 142.4 131.8 205.8,63,63
723,0723.jpg,11,ayam (11).png,4,,,0.8593,274.5 302.8 326.1 345.3,52,42
724,0724.jpg,11,ayam (11).png,5,,,0.8563,272.7 67.1 335.9 137.4,63,70
725,0725.jpg,11,ayam (11).png,6,,,0.8549,138.2 207.5 192.0 262.4,54,55
726,0726.jpg,11,ayam (11).png,7,,,0.8534,200.3 327.9 248.5 394.5,48,67
727,0727.jpg,11,ayam (11).png,8,,,0.8523,42.7 318.6 98.5 383.2,56,65
728,0728.jpg,11,ayam (11).png,9,,,0.8517,122.4 248.1 181.0 294.7,59,47
729,0729.jpg,11,ayam (11).png,10,,,0.8484,272.5 344.9 326.8 399.7,54,55
730,0730.jpg,11,ayam (11).png,11,,,0.8454,287.8 218.9 356.4 275.6,69,57
731,0731.jpg,11,ayam (11).png,12,,bukan,0.8442,369.5 154.7 400.0 210.3,30,56
732,0732.jpg,11,ayam (11).png,13,,,0.8436,266.6 259.1 323.7 310.5,57,51
733,0733.jpg,11,ayam (11).png,14,,,0.8428,81.1 257.6 135.3 323.5,54,66
734,0734.jpg,11,ayam (11).png,15,,,0.8414,340.3 254.9 385.8 316.2,46,61
735,0735.jpg,11,ayam (11).png,16,,,0.8366,309.4 139.2 367.6 216.7,58,78
736,0736.jpg,11,ayam (11).png,17,,,0.8356,32.2 0.0 91.7 43.9,60,44
737,0737.jpg,11,ayam (11).png,18,,,0.8341,25.1 71.7 112.5 132.2,87,60
738,0738.jpg,11,ayam (11).png,19,,,0.8326,0.0 160.7 65.6 239.1,66,78
739,0739.jpg,11,ayam (11).png,20,,,0.8322,90.6 322.8 135.2 386.2,45,63
740,0740.jpg,11,ayam (11).png,21,,,0.8275,0.0 254.0 69.1 307.3,69,53
741,0741.jpg,11,ayam (11).png,22,,,0.823,132.7 106.1 193.3 172.1,61,66
742,0742.jpg,11,ayam (11).png,23,,,0.8189,88.8 373.1 145.1 400.0,56,27
743,0743.jpg,11,ayam (11).png,24,,bukan,0.8169,318.2 339.8 342.8 389.4,25,50
744,0744.jpg,11,ayam (11).png,25,,,0.8134,73.4 201.4 147.7 259.9,74,58
745,0745.jpg,11,ayam (11).png,26,,bukan,0.8098,272.1 0.0 333.3 29.7,61,30
746,0746.jpg,11,ayam (11).png,27,,,0.8071,130.1 329.1 162.0 379.4,32,50
747,0747.jpg,11,ayam (11).png,28,,,0.803,351.0 305.8 388.5 360.5,38,55
748,0748.jpg,11,ayam (11).png,29,,bukan,0.7914,361.7 372.9 399.9 399.9,38,27
749,0749.jpg,11,ayam (11).png,30,,bukan,0.7888,218.3 376.4 266.9 400.0,49,24
750,0750.jpg,11,ayam (11).png,31,,bukan,0.7818,383.8 309.0 400.0 348.7,16,40
751,0751.jpg,11,ayam (11).png,32,,,0.7741,141.9 0.0 208.2 54.5,66,54
752,0752.jpg,11,ayam (11).png,33,,bukan,0.7371,378.6 97.3 400.0 157.3,21,60
753,0753.jpg,11,ayam (11).png,34,,bukan,0.7246,386.1 266.9 399.9 317.0,14,50
754,0754.jpg,11,ayam (11).png,35,mati,mati,0.7158,22.6 275.8 84.6 333.6,62,58
755,0755.jpg,11,ayam (11).png,36,,bukan,0.7036,0.0 44.0 19.1 91.4,19,47
756,0756.jpg,11,ayam (11).png,37,,bukan,0.6818,330.4 378.1 367.6 399.9,37,22
757,0757.jpg,11,ayam (11).png,38,,bukan,0.6733,370.3 43.1 400.0 109.2,30,66
758,0758.jpg,11,ayam (11).png,39,,bukan,0.6227,0.0 138.5 32.1 189.8,32,51
759,0759.jpg,11,ayam (11).png,40,,,0.6049,121.7 289.2 178.3 332.9,57,44
760,0760.jpg,11,ayam (11).png,41,,,0.5029,128.0 155.5 189.4 213.4,61,58
761,0761.jpg,11,ayam (11).png,42,,bukan,0.4955,100.9 0.0 142.9 13.5,42,14
762,0762.jpg,11,ayam (11).png,43,,,0.4507,190.0 271.5 244.0 310.9,54,39
763,0763.jpg,11,ayam (11).png,44,,,0.4483,331.2 0.0 389.2 37.3,58,37
764,0764.jpg,11,ayam (11).png,45,,,0.448,132.2 70.5 197.8 122.0,66,52
765,0765.jpg,11,ayam (11).png,46,,,0.4407,187.2 226.4 246.2 275.5,59,49
766,0766.jpg,11,ayam (11).png,47,,bukan,0.4005,381.0 0.0 400.0 50.6,19,51
767,0767.jpg,11,ayam (11).png,48,,,0.4003,189.2 84.4 233.4 132.6,44,48
768,0768.jpg,11,ayam (11).png,49,,bukan,0.3953,175.7 318.1 210.9 390.8,35,73
769,0769.jpg,11,ayam (11).png,50,,,0.374,145.6 52.5 215.7 91.6,70,39
770,0770.jpg,11,ayam (11).png,51,,bukan,0.3669,138.8 369.8 166.2 398.2,27,28
771,0771.jpg,11,ayam (11).png,52,,bukan,0.3315,0.2 0.0 38.9 19.1,39,19
772,0772.jpg,11,ayam (11).png,53,,bukan,0.3302,0.3 0.0 38.8 29.6,38,30
773,0773.jpg,12,chick (1).jpg,0,,,0.8958,25.5 195.4 84.3 241.2,59,46
774,0774.jpg,12,chick (1).jpg,1,,,0.8853,85.0 357.5 140.0 401.5,55,44
775,0775.jpg,12,chick (1).jpg,2,,,0.8804,66.7 314.0 135.4 359.3,69,45
776,0776.jpg,12,chick (1).jpg,3,,,0.8752,79.5 219.9 139.1 274.3,60,54
777,0777.jpg,12,chick (1).jpg,4,,,0.874,198.7 337.9 242.0 401.3,43,63
778,0778.jpg,12,chick (1).jpg,5,,,0.8732,270.2 334.1 313.4 399.4,43,65
779,0779.jpg,12,chick (1).jpg,6,,,0.8704,237.1 340.4 277.7 400.6,41,60
780,0780.jpg,12,chick (1).jpg,7,,,0.8652,11.1 45.2 87.6 106.9,76,62
781,0781.jpg,12,chick (1).jpg,8,,,0.8641,142.3 305.3 192.1 363.0,50,58
782,0782.jpg,12,chick (1).jpg,9,,,0.8637,233.4 281.2 307.4 332.4,74,51
783,0783.jpg,12,chick (1).jpg,10,,,0.8637,262.9 212.6 341.9 272.4,79,60
784,0784.jpg,12,chick (1).jpg,11,,,0.858,74.5 125.7 128.0 200.5,54,75
785,0785.jpg,12,chick (1).jpg,12,,,0.8575,46.3 337.4 89.9 373.3,44,36
786,0786.jpg,12,chick (1).jpg,13,,,0.8566,308.6 342.8 354.1 409.5,46,67
787,0787.jpg,12,chick (1).jpg,14,,,0.8523,128.8 124.0 186.4 188.1,58,64
788,0788.jpg,12,chick (1).jpg,15,,,0.8512,166.4 246.5 222.2 313.0,56,66
789,0789.jpg,12,chick (1).jpg,16,,,0.8504,135.2 198.2 197.4 257.0,62,59
790,0790.jpg,12,chick (1).jpg,17,,bukan,0.8484,0.0 178.0 31.6 237.9,32,60
791,0791.jpg,12,chick (1).jpg,18,,,0.8464,182.4 138.0 252.7 214.8,70,77
792,0792.jpg,12,chick (1).jpg,19,,bukan,0.8436,380.0 0.0 432.0 33.3,52,33
793,0793.jpg,12,chick (1).jpg,20,,,0.8418,258.2 10.4 340.3 78.3,82,68
794,0794.jpg,12,chick (1).jpg,21,,,0.84,147.0 53.1 216.7 141.2,70,88
795,0795.jpg,12,chick (1).jpg,22,,,0.8343,156.1 347.8 203.2 403.0,47,55
796,0796.jpg,12,chick (1).jpg,23,,,0.8337,281.0 141.8 340.3 213.2,59,71
797,0797.jpg,12,chick (1).jpg,24,,,0.8286,29.3 364.8 94.6 418.6,65,54
798,0798.jpg,12,chick (1).jpg,25,,bukan,0.8178,395.4 238.0 432.0 284.7,37,47
799,0799.jpg,12,chick (1).jpg,26,,bukan,0.8145,225.4 410.6 273.9 432.0,48,21
800,0800.jpg,12,chick (1).jpg,27,,bukan,0.7879,133.8 0.0 219.9 33.0,86,33
801,0801.jpg,12,chick (1).jpg,28,mati,mati,0.7457,16.2 264.1 74.8 332.4,59,68
802,0802.jpg,12,chick (1).jpg,29,,bukan,0.6395,0.0 306.2 14.9 355.8,15,50
803,0803.jpg,12,chick (1).jpg,30,,,0.6176,397.8 169.8 432.0 220.2,34,50
804,0804.jpg,12,chick (1).jpg,31,,,0.585,295.2 64.1 344.8 128.6,50,64
805,0805.jpg,12,chick (1).jpg,32,,bukan,0.5681,421.1 119.7 432.0 179.8,11,60
806,0806.jpg,12,chick (1).jpg,33,,bukan,0.5447,391.2 359.8 419.7 392.4,28,33
807,0807.jpg,12,chick (1).jpg,34,,,0.4778,0.0 363.3 44.5 430.7,44,67
808,0808.jpg,12,chick (1).jpg,35,,bukan,0.4674,417.7 342.6 432.0 369.6,14,27
809,0809.jpg,12,chick (1).jpg,36,,bukan,0.3346,350.4 351.3 381.3 390.6,31,39
810,0810.jpg,12,chick (1).jpg,37,,bukan,0.2763,404.0 419.1 432.0 432.0,28,13
811,0811.jpg,13,chick (2).jpg,0,,bukan,0.8996,283.3 0.0 319.2 27.9,36,28
812,0812.jpg,13,chick (2).jpg,1,,,0.8933,0.0 35.3 37.0 74.8,37,40
813,0813.jpg,13,chick (2).jpg,2,,,0.8924,379.4 156.9 424.2 197.4,45,40
814,0814.jpg,13,chick (2).jpg,3,,bukan,0.8922,2.3 0.0 59.8 35.6,58,36
815,0815.jpg,13,chick (2).jpg,4,,,0.8899,134.7 193.1 185.5 251.6,51,58
816,0816.jpg,13,chick (2).jpg,5,,,0.8899,177.7 53.6 228.4 100.3,51,47
817,0817.jpg,13,chick (2).jpg,6,,,0.8878,187.3 154.6 241.8 200.7,54,46
818,0818.jpg,13,chick (2).jpg,7,,,0.8872,126.8 10.2 167.2 47.1,40,37
819,0819.jpg,13,chick (2).jpg,8,,,0.8864,129.1 56.3 180.6 91.0,52,35
820,0820.jpg,13,chick (2).jpg,9,,,0.8845,242.7 315.9 301.3 362.7,59,47
821,0821.jpg,13,chick (2).jpg,10,,,0.8826,65.0 19.0 111.7 55.4,47,36
822,0822.jpg,13,chick (2).jpg,11,,,0.8804,188.1 282.8 247.3 336.2,59,53
823,0823.jpg,13,chick (2).jpg,12,,,0.8792,291.9 57.4 343.7 90.0,52,33
824,0824.jpg,13,chick (2).jpg,13,,,0.8787,87.2 58.2 130.5 93.6,43,35
825,0825.jpg,13,chick (2).jpg,14,,,0.8778,49.2 156.6 89.8 216.9,41,60
826,0826.jpg,13,chick (2).jpg,15,,,0.8773,372.4 206.8 415.4 254.6,43,48
827,0827.jpg,13,chick (2).jpg,16,,,0.876,199.1 356.3 252.7 429.7,54,73
828,0828.jpg,13,chick (2).jpg,17,,,0.8757,122.6 154.0 168.4 209.0,46,55
829,0829.jpg,13,chick (2).jpg,18,,,0.8746,245.5 30.5 285.3 64.8,40,34
830,0830.jpg,13,chick (2).jpg,19,,,0.8735,13.7 157.7 56.7 223.1,43,65
831,0831.jpg,13,chick (2).jpg,20,,,0.8719,0.1 343.1 46.0 423.3,46,80
832,0832.jpg,13,chick (2).jpg,21,,,0.871,105.3 244.9 159.8 310.7,55,66
833,0833.jpg,13,chick (2).jpg,22,,,0.8708,84.7 155.8 127.2 218.5,42,63
834,0834.jpg,13,chick (2).jpg,23,,,0.868,0.0 284.8 63.1 345.5,63,61
835,0835.jpg,13,chick (2).jpg,24,,,0.8674,137.2 368.5 198.3 431.4,61,63
836,0836.jpg,13,chick (2).jpg,25,,,0.8644,191.6 196.9 261.4 244.1,70,47
837,0837.jpg,13,chick (2).jpg,26,,,0.8605,17.9 225.7 93.2 277.4,75,52
838,0838.jpg,13,chick (2).jpg,27,,,0.8571,67.9 0.0 121.3 27.5,53,28
839,0839.jpg,13,chick (2).jpg,28,mati,mati,0.8568,251.0 224.7 310.7 292.6,60,68
840,0840.jpg,13,chick (2).jpg,29,,,0.8512,73.0 342.5 143.6 419.2,71,77
841,0841.jpg,13,chick (2).jpg,30,,,0.8495,375.4 12.0 419.4 42.0,44,30
842,0842.jpg,13,chick (2).jpg,31,,,0.8495,334.3 6.6 367.9 39.4,34,33
843,0843.jpg,13,chick (2).jpg,32,,,0.8472,384.6 305.1 418.7 370.7,34,66
844,0844.jpg,13,chick (2).jpg,33,,,0.8445,324.8 157.9 370.8 200.3,46,42
845,0845.jpg,13,chick (2).jpg,34,,bukan,0.8445,162.5 0.0 205.5 32.4,43,32
846,0846.jpg,13,chick (2).jpg,35,,,0.8418,294.4 304.6 358.4 376.8,64,72
847,0847.jpg,13,chick (2).jpg,36,,,0.8416,363.3 123.7 398.5 162.9,35,39
848,0848.jpg,13,chick (2).jpg,37,,,0.8416,308.6 121.3 352.7 161.0,44,40
849,0849.jpg,13,chick (2).jpg,38,,,0.8407,333.6 70.7 388.9 109.1,55,38
850,0850.jpg,13,chick (2).jpg,39,,,0.8388,335.4 246.5 388.8 296.4,53,50
851,0851.jpg,13,chick (2).jpg,40,,,0.8382,129.9 297.7 191.9 358.8,62,61
852,0852.jpg,13,chick (2).jpg,41,,bukan,0.8087,323.7 0.0 350.2 17.2,26,17
853,0853.jpg,13,chick (2).jpg,42,,,0.8053,232.0 139.0 297.5 189.6,66,51
854,0854.jpg,13,chick (2).jpg,43,,,0.8042,38.6 42.5 82.9 78.0,44,36
855,0855.jpg,13,chick (2).jpg,44,,,0.802,360.7 18.5 398.6 59.0,38,40
856,0856.jpg,13,chick (2).jpg,45,,bukan,0.7892,388.1 0.0 421.1 26.1,33,26
857,0857.jpg,13,chick (2).jpg,46,,bukan,0.7869,0.0 147.6 18.0 213.1,18,66
858,0858.jpg,13,chick (2).jpg,47,,,0.7849,12.4 66.2 76.5 105.0,64,39
859,0859.jpg,13,chick (2).jpg,48,,bukan,0.7847,73.0 82.6 122.2 107.8,49,25
860,0860.jpg,13,chick (2).jpg,49,,,0.7801,0.0 140.0 48.2 171.5,48,32
861,0861.jpg,13,chick (2).jpg,50,,bukan,0.767,410.9 205.3 432.0 253.4,21,48
862,0862.jpg,13,chick (2).jpg,51,,,0.7668,311.5 201.4 360.6 252.9,49,52
863,0863.jpg,13,chick (2).jpg,52,,bukan,0.7522,344.6 409.2 401.2 432.0,57,23
864,0864.jpg,13,chick (2).jpg,53,,,0.7501,195.0 37.8 243.6 83.3,49,46
865,0865.jpg,13,chick (2).jpg,54,,,0.7457,237.3 179.6 286.6 221.5,49,42
866,0866.jpg,13,chick (2).jpg,55,,bukan,0.7156,352.9 0.0 383.3 10.4,30,10
867,0867.jpg,13,chick (2).jpg,56,,,0.7022,364.8 354.2 403.9 416.7,39,62
868,0868.jpg,13,chick (2).jpg,57,,,0.6964,214.2 0.2 252.9 36.0,39,36
869,0869.jpg,13,chick (2).jpg,58,,,0.684,335.8 107.3 376.8 138.8,41,32
870,0870.jpg,13,chick (2).jpg,59,,,0.6659,344.6 300.0 382.1 370.4,38,70
871,0871.jpg,13,chick (2).jpg,60,,,0.6569,50.6 106.0 115.0 144.8,64,39
872,0872.jpg,13,chick (2).jpg,61,,bukan,0.6422,199.4 84.5 259.7 107.8,60,23
873,0873.jpg,13,chick (2).jpg,62,,,0.6336,360.5 59.1 394.3 87.4,34,28
874,0874.jpg,13,chick (2).jpg,63,,bukan,0.5864,0.0 0.1 25.4 10.8,25,11
875,0875.jpg,13,chick (2).jpg,64,,bukan,0.567,419.2 160.2 432.0 198.7,13,38
876,0876.jpg,13,chick (2).jpg,65,,bukan,0.5257,422.8 83.0 432.0 114.0,9,31
877,0877.jpg,13,chick (2).jpg,66,,,0.5171,397.5 185.9 431.9 212.6,34,27
878,0878.jpg,13,chick (2).jpg,67,,,0.4748,335.7 190.2 382.6 231.8,47,42
879,0879.jpg,13,chick (2).jpg,68,,,0.4305,297.2 141.3 329.5 201.2,32,60
880,0880.jpg,13,chick (2).jpg,69,,bukan,0.3615,132.2 88.4 190.2 107.5,58,19
881,0881.jpg,13,chick (2).jpg,70,,bukan,0.3593,43.6 0.1 76.6 11.0,33,11
882,0882.jpg,13,chick (2).jpg,71,,bukan,0.3586,419.1 7.8 432.0 29.3,13,22
883,0883.jpg,13,chick (2).jpg,72,,,0.3556,132.2 88.2 190.9 122.5,59,34
884,0884.jpg,13,chick (2).jpg,73,,bukan,0.2576,291.3 95.4 317.2 107.3,26,12
885,0885.jpg,14,chick (3).jpg,0,,,0.9018,177.8 187.2 227.8 233.2,50,46
886,0886.jpg,14,chick (3).jpg,1,,,0.8981,126.8 143.3 167.2 180.1,40,37
887,0887.jpg,14,chick (3).jpg,2,,,0.8957,0.0 168.3 37.2 207.9,37,40
888,0888.jpg,14,chick (3).jpg,3,,,0.8938,187.5 288.0 241.7 333.1,54,45
889,0889.jpg,14,chick (3).jpg,4,,,0.8932,378.7 289.6 424.5 330.7,46,41
890,0890.jpg,14,chick (3).jpg,5,,,0.891,134.7 326.2 185.3 384.5,51,58
891,0891.jpg,14,chick (3).jpg,6,,,0.8901,0.0 79.1 52.1 108.9,52,30
892,0892.jpg,14,chick (3).jpg,7,,,0.8858,87.4 191.4 130.5 226.7,43,35
893,0893.jpg,14,chick (3).jpg,8,,,0.8851,2.0 133.7 59.4 168.7,57,35
894,0894.jpg,14,chick (3).jpg,9,,,0.883,129.1 189.3 180.7 224.0,52,35
895,0895.jpg,14,chick (3).jpg,10,,,0.8829,26.6 99.6 72.3 143.4,46,44
896,0896.jpg,14,chick (3).jpg,11,,,0.8807,335.5 93.2 372.0 118.6,36,25
897,0897.jpg,14,chick (3).jpg,12,,,0.8802,282.8 125.0 319.6 160.7,37,36
898,0898.jpg,14,chick (3).jpg,13,,,0.8783,162.7 122.5 205.9 164.9,43,42
899,0899.jpg,14,chick (3).jpg,14,,,0.8777,64.9 152.3 111.5 188.5,47,36
900,0900.jpg,14,chick (3).jpg,15,,,0.8772,122.8 286.9 168.4 342.3,46,55
901,0901.jpg,14,chick (3).jpg,16,,,0.8769,42.2 60.1 98.5 96.0,56,36
902,0902.jpg,14,chick (3).jpg,17,,,0.8767,217.8 42.0 261.8 68.5,44,26
903,0903.jpg,14,chick (3).jpg,18,,,0.8767,68.3 128.5 121.4 160.7,53,32
904,0904.jpg,14,chick (3).jpg,19,,,0.8767,2.2 49.8 35.6 82.4,33,33
905,0905.jpg,14,chick (3).jpg,20,,,0.8746,18.0 359.1 93.8 409.1,76,50
906,0906.jpg,14,chick (3).jpg,21,,,0.874,13.6 290.6 56.6 356.4,43,66
907,0907.jpg,14,chick (3).jpg,22,,,0.874,84.8 288.8 127.2 351.6,42,63
908,0908.jpg,14,chick (3).jpg,23,,,0.8734,120.1 77.0 160.7 109.6,41,33
909,0909.jpg,14,chick (3).jpg,24,,,0.8714,371.9 339.4 415.4 388.1,44,49
910,0910.jpg,14,chick (3).jpg,25,,,0.8701,291.9 190.5 344.3 222.7,52,32
911,0911.jpg,14,chick (3).jpg,26,,,0.8681,105.3 377.8 163.4 432.0,58,54
912,0912.jpg,14,chick (3).jpg,27,,,0.8654,191.6 329.9 258.3 376.6,67,47
913,0913.jpg,14,chick (3).jpg,28,,,0.8653,0.0 107.2 20.7 143.4,21,36
914,0914.jpg,14,chick (3).jpg,29,,,0.8649,48.9 289.5 90.0 349.6,41,60
915,0915.jpg,14,chick (3).jpg,30,,,0.8624,323.6 121.7 348.6 150.4,25,29
916,0916.jpg,14,chick (3).jpg,31,,,0.859,336.2 379.1 388.5 429.9,52,51
917,0917.jpg,14,chick (3).jpg,32,,,0.8586,221.7 66.1 264.3 96.7,43,31
918,0918.jpg,14,chick (3).jpg,33,,,0.8535,97.8 98.9 145.9 132.5,48,34
919,0919.jpg,14,chick (3).jpg,34,mati,mati,0.8531,251.1 358.6 310.7 426.7,60,68
920,0920.jpg,14,chick (3).jpg,35,,,0.8515,257.5 76.1 297.2 122.0,40,46
921,0921.jpg,14,chick (3).jpg,36,,bukan,0.849,72.7 215.6 122.8 240.7,50,25
922,0922.jpg,14,chick (3).jpg,37,,,0.8451,245.1 163.6 285.4 197.7,40,34
923,0923.jpg,14,chick (3).jpg,38,,,0.845,334.4 138.7 367.4 172.3,33,34
924,0924.jpg,14,chick (3).jpg,39,,,0.8448,63.5 24.8 99.4 50.8,36,26
925,0925.jpg,14,chick (3).jpg,40,,,0.8441,375.3 144.9 419.6 175.5,44,31
926,0926.jpg,14,chick (3).jpg,41,,,0.8414,345.5 118.2 385.6 143.7,40,25
927,0927.jpg,14,chick (3).jpg,42,,,0.841,324.7 290.8 370.9 334.3,46,44
928,0928.jpg,14,chick (3).jpg,43,,,0.8401,95.5 24.5 145.4 70.2,50,46
929,0929.jpg,14,chick (3).jpg,44,,,0.8343,363.2 256.4 398.4 295.8,35,39
930,0930.jpg,14,chick (3).jpg,45,,,0.8276,136.9 104.7 179.3 130.9,42,26
931,0931.jpg,14,chick (3).jpg,46,,,0.8234,165.3 19.8 196.6 45.3,31,25
932,0932.jpg,14,chick (3).jpg,47,,,0.8234,388.1 130.4 421.1 158.3,33,28
933,0933.jpg,14,chick (3).jpg,48,,,0.8231,69.7 80.5 128.4 117.7,59,37
934,0934.jpg,14,chick (3).jpg,49,,,0.8215,333.4 203.7 387.2 242.0,54,38
935,0935.jpg,14,chick (3).jpg,50,,,0.8204,0.2 273.1 48.1 304.5,48,31
936,0936.jpg,14,chick (3).jpg,51,,,0.8172,308.5 254.5 352.4 293.9,44,39
937,0937.jpg,14,chick (3).jpg,52,,bukan,0.8123,181.9 78.9 216.8 109.4,35,30
938,0938.jpg,14,chick (3).jpg,53,,,0.8084,148.4 76.0 175.8 104.9,27,29
939,0939.jpg,14,chick (3).jpg,54,,,0.8064,232.7 272.3 297.3 320.9,65,49
940,0940.jpg,14,chick (3).jpg,55,,,0.8059,12.0 198.9 78.3 238.3,66,39
941,0941.jpg,14,chick (3).jpg,56,,,0.8021,38.3 175.3 83.0 210.9,45,36
942,0942.jpg,14,chick (3).jpg,57,,,0.7992,294.1 92.3 326.7 117.2,33,25
943,0943.jpg,14,chick (3).jpg,58,,bukan,0.7986,0.0 282.4 18.0 346.4,18,64
944,0944.jpg,14,chick (3).jpg,59,,,0.7957,350.5 67.5 383.5 95.5,33,28
945,0945.jpg,14,chick (3).jpg,60,,,0.7951,362.5 152.2 398.0 190.8,36,39
946,0946.jpg,14,chick (3).jpg,61,,,0.7936,308.2 73.3 338.3 100.8,30,28
947,0947.jpg,14,chick (3).jpg,62,,bukan,0.7675,186.5 415.6 247.8 432.0,61,16
948,0948.jpg,14,chick (3).jpg,63,,,0.7666,317.2 58.3 346.9 88.1,30,30
949,0949.jpg,14,chick (3).jpg,64,,,0.7619,272.1 56.3 313.2 90.5,41,34
950,0950.jpg,14,chick (3).jpg,65,,,0.7606,405.1 69.0 431.4 91.8,26,23
951,0951.jpg,14,chick (3).jpg,66,,,0.7516,336.1 242.3 375.8 272.1,40,30
952,0952.jpg,14,chick (3).jpg,67,,,0.7438,237.2 312.8 288.4 354.5,51,42
953,0953.jpg,14,chick (3).jpg,68,,bukan,0.7394,411.3 340.5 432.0 385.9,21,45
954,0954.jpg,14,chick (3).jpg,69,,bukan,0.7317,310.7 334.2 360.6 384.8,50,51
955,0955.jpg,14,chick (3).jpg,70,,bukan,0.7312,389.1 78.9 418.5 103.0,29,24
956,0956.jpg,14,chick (3).jpg,71,,,0.7092,360.6 191.8 394.5 220.1,34,28
957,0957.jpg,14,chick (3).jpg,72,,,0.6946,94.8 5.1 124.2 27.4,29,22
958,0958.jpg,14,chick (3).jpg,73,,,0.6898,51.5 240.4 114.3 278.5,63,38
959,0959.jpg,14,chick (3).jpg,74,,,0.6601,131.7 221.1 189.2 240.3,58,19
960,0960.jpg,14,chick (3).jpg,75,,,0.6564,407.5 32.6 427.8 53.9,20,21
961,0961.jpg,14,chick (3).jpg,76,,,0.6556,194.3 164.8 246.4 217.2,52,52
962,0962.jpg,14,chick (3).jpg,77,,bukan,0.6126,288.0 39.2 319.4 66.8,31,28
963,0963.jpg,14,chick (3).jpg,78,,bukan,0.612,28.9 419.5 73.5 432.0,45,12
964,0964.jpg,14,chick (3).jpg,79,,,0.6094,31.8 40.7 92.1 66.0,60,25
965,0965.jpg,14,chick (3).jpg,80,,bukan,0.6031,423.1 56.9 432.0 79.0,9,22
966,0966.jpg,14,chick (3).jpg,81,,,0.594,352.9 38.7 378.2 60.0,25,21
967,0967.jpg,14,chick (3).jpg,82,,,0.5504,397.8 318.6 431.9 347.5,34,29
968,0968.jpg,14,chick (3).jpg,83,,bukan,0.5451,422.7 217.0 432.0 245.9,9,29
969,0969.jpg,14,chick (3).jpg,84,,bukan,0.5381,423.1 82.8 432.0 103.9,9,21
970,0970.jpg,14,chick (3).jpg,85,,bukan,0.5379,419.4 291.4 432.0 331.1,13,40
971,0971.jpg,14,chick (3).jpg,86,,,0.5327,266.7 11.9 294.9 35.7,28,24
972,0972.jpg,14,chick (3).jpg,87,,,0.5324,268.8 36.8 293.7 63.3,25,26
973,0973.jpg,14,chick (3).jpg,88,,bukan,0.5175,0.0 47.6 4.3 84.3,4,37
974,0974.jpg,14,chick (3).jpg,89,,,0.5066,296.0 273.2 329.4 333.6,33,60
975,0975.jpg,14,chick (3).jpg,90,,bukan,0.5014,1.2 420.5 43.8 432.0,43,12
976,0976.jpg,14,chick (3).jpg,91,,,0.4796,335.3 323.3 381.5 364.7,46,41
977,0977.jpg,14,chick (3).jpg,92,,bukan,0.4774,204.9 0.8 225.8 32.4,21,32
978,0978.jpg,14,chick (3).jpg,93,,bukan,0.4507,341.6 20.6 362.7 40.0,21,19
979,0979.jpg,14,chick (3).jpg,94,,bukan,0.4284,200.8 217.3 259.6 240.8,59,24
980,0980.jpg,14,chick (3).jpg,95,,,0.4284,348.8 44.5 368.0 67.5,19,23
981,0981.jpg,14,chick (3).jpg,96,,,0.425,388.8 91.5 416.3 121.7,28,30
982,0982.jpg,14,chick (3).jpg,97,,,0.4203,294.6 106.9 325.8 137.7,31,31
983,0983.jpg,14,chick (3).jpg,98,,,0.3915,23.7 31.0 91.3 64.9,68,34
984,0984.jpg,14,chick (3).jpg,99,,bukan,0.3726,231.0 5.0 254.3 28.7,23,24
985,0985.jpg,14,chick (3).jpg,100,,,0.3683,177.0 103.7 196.9 126.9,20,23
986,0986.jpg,14,chick (3).jpg,101,,,0.3322,295.3 23.5 324.9 39.1,30,16
987,0987.jpg,14,chick (3).jpg,102,,bukan,0.3201,4.4 419.1 72.4 432.0,68,13
988,0988.jpg,14,chick (3).jpg,103,,,0.3159,361.7 20.3 388.9 39.9,27,20
989,0989.jpg,14,chick (3).jpg,104,,bukan,0.3158,196.2 104.1 217.2 134.1,21,30
990,0990.jpg,14,chick (3).jpg,105,,,0.3068,220.3 142.1 253.0 169.2,33,27
991,0991.jpg,14,chick (3).jpg,106,,bukan,0.3025,356.9 154.1 374.2 184.6,17,30
992,0992.jpg,14,chick (3).jpg,107,,bukan,0.2969,391.1 21.6 415.2 39.8,24,18
993,0993.jpg,14,chick (3).jpg,108,,bukan,0.2813,419.9 140.8 432.0 160.2,12,19
994,0994.jpg,14,chick (3).jpg,109,,bukan,0.2713,411.7 102.4 432.0 134.1,20,32
995,0995.jpg,14,chick (3).jpg,110,,bukan,0.2678,426.0 40.8 432.0 60.7,6,20
996,0996.jpg,14,chick (3).jpg,111,,bukan,0.2602,285.6 240.9 315.6 261.8,30,21
997,0997.jpg,14,chick (3).jpg,112,,bukan,0.2569,102.8 0.1 132.3 6.3,30,6
998,0998.jpg,14,chick (3).jpg,113,,bukan,0.2552,167.2 60.7 187.3 99.9,20,39
999,0999.jpg,15,chick (4).jpg,0,,,0.8935,68.3 142.0 126.3 191.9,58,50
1000,1000.jpg,15,chick (4).jpg,1,,,0.8882,190.1 25.2 236.9 83.8,47,59
1001,1001.jpg,15,chick (4).jpg,2,,,0.886,28.4 83.9 74.8 139.7,46,56
1002,1002.jpg,15,chick (4).jpg,3,,,0.8852,71.3 65.4 117.7 134.9,46,70
1003,1003.jpg,15,chick (4).jpg,4,,,0.8851,25.3 308.9 89.2 353.9,64,45
1004,1004.jpg,15,chick (4).jpg,5,,,0.8822,231.1 73.7 305.1 127.3,74,54
1005,1005.jpg,15,chick (4).jpg,6,,,0.8777,30.2 198.1 92.5 241.1,62,43
1006,1006.jpg,15,chick (4).jpg,7,,,0.8775,31.4 269.9 97.3 313.1,66,43
1007,1007.jpg,15,chick (4).jpg,8,,,0.8725,156.5 79.2 211.4 138.6,55,59
1008,1008.jpg,15,chick (4).jpg,9,,,0.872,28.8 157.5 83.7 203.3,55,46
1009,1009.jpg,15,chick (4).jpg,10,,,0.8681,173.9 134.5 233.1 197.1,59,63
1010,1010.jpg,15,chick (4).jpg,11,mati,mati,0.864,98.7 17.0 167.8 74.9,69,58
1011,1011.jpg,15,chick (4).jpg,12,,,0.8615,157.7 262.7 218.7 341.8,61,79
1012,1012.jpg,15,chick (4).jpg,13,,,0.8592,323.8 11.5 388.2 85.8,64,74
1013,1013.jpg,15,chick (4).jpg,14,,,0.8571,99.5 233.2 150.2 307.6,51,74
1014,1014.jpg,15,chick (4).jpg,15,,,0.8569,13.4 27.8 64.2 94.1,51,66
1015,1015.jpg,15,chick (4).jpg,16,,,0.8539,301.0 144.7 378.6 216.5,78,72
1016,1016.jpg,15,chick (4).jpg,17,,,0.8537,118.8 165.6 185.8 221.6,67,56
1017,1017.jpg,15,chick (4).jpg,18,,bukan,0.8491,398.8 379.5 432.0 431.8,33,52
1018,1018.jpg,15,chick (4).jpg,19,,bukan,0.8457,192.9 0.0 247.5 32.0,55,32
1019,1019.jpg,15,chick (4).jpg,20,,,0.8454,218.1 185.1 294.7 252.4,77,67
1020,1020.jpg,15,chick (4).jpg,21,,,0.8396,31.4 237.1 90.8 276.5,59,39
1021,1021.jpg,15,chick (4).jpg,22,,bukan,0.8316,146.8 394.4 192.7 432.0,46,38
1022,1022.jpg,15,chick (4).jpg,23,,,0.8037,216.9 280.5 296.5 339.4,80,59
1023,1023.jpg,15,chick (4).jpg,24,,bukan,0.7841,0.0 222.2 20.6 275.0,21,53
1024,1024.jpg,15,chick (4).jpg,25,,,0.7706,243.2 129.1 305.9 187.6,63,58
1025,1025.jpg,15,chick (4).jpg,26,,,0.7268,210.2 396.9 264.9 431.9,55,35
1026,1026.jpg,15,chick (4).jpg,27,,,0.7183,54.0 40.6 95.3 89.6,41,49
1027,1027.jpg,15,chick (4).jpg,28,,bukan,0.7158,397.6 133.3 432.0 222.1,34,89
1028,1028.jpg,15,chick (4).jpg,29,,,0.7152,355.5 257.4 421.3 339.1,66,82
1029,1029.jpg,15,chick (4).jpg,30,,,0.6891,13.0 276.6 44.2 349.8,31,73
1030,1030.jpg,15,chick (4).jpg,31,,bukan,0.6406,78.1 0.0 126.8 15.5,49,16
1031,1031.jpg,15,chick (4).jpg,32,,,0.6328,7.3 0.4 74.3 45.8,67,45
1032,1032.jpg,15,chick (4).jpg,33,,bukan,0.5377,62.2 416.8 93.8 432.0,32,15
1033,1033.jpg,15,chick (4).jpg,34,,bukan,0.4615,39.2 391.3 72.1 418.5,33,27
1034,1034.jpg,15,chick (4).jpg,35,,bukan,0.4416,41.8 350.0 78.4 379.1,37,29
1035,1035.jpg,15,chick (4).jpg,36,,bukan,0.4262,0.1 398.2 13.0 431.7,13,34
1036,1036.jpg,15,chick (4).jpg,37,,bukan,0.4203,84.7 418.2 123.9 432.0,39,14
1037,1037.jpg,15,chick (4).jpg,38,,bukan,0.3816,0.0 372.6 12.2 411.8,12,39
1038,1038.jpg,15,chick (4).jpg,39,,,0.3785,38.9 351.1 78.3 417.4,39,66
1039,1039.jpg,15,chick (4).jpg,40,,bukan,0.3685,253.1 420.8 317.2 432.0,64,11
1040,1040.jpg,15,chick (4).jpg,41,,,0.2987,40.2 350.1 78.8 397.1,39,47
1041,1041.jpg,15,chick (4).jpg,42,,bukan,0.2795,0.0 374.6 13.2 431.2,13,57
1042,1042.jpg,16,chick (5).jpg,0,,,0.8912,292.8 29.1 347.0 74.0,54,45
1043,1043.jpg,16,chick (5).jpg,1,,,0.8902,239.8 66.9 290.4 125.8,51,59
1044,1044.jpg,16,chick (5).jpg,2,,,0.8897,228.0 27.9 272.9 83.2,45,55
1045,1045.jpg,16,chick (5).jpg,3,,,0.8891,347.7 190.1 406.2 236.7,58,47
1046,1046.jpg,16,chick (5).jpg,4,,,0.8778,304.6 230.5 357.5 305.0,53,74
1047,1047.jpg,16,chick (5).jpg,5,,,0.8758,118.0 31.6 162.4 97.2,44,66
1048,1048.jpg,16,chick (5).jpg,6,,,0.8746,123.0 100.1 198.7 150.1,76,50
1049,1049.jpg,16,chick (5).jpg,7,,,0.8719,190.3 29.5 232.9 92.4,43,63
1050,1050.jpg,16,chick (5).jpg,8,,,0.8697,400.0 193.5 432.0 246.3,32,53
1051,1051.jpg,16,chick (5).jpg,9,,,0.8692,296.4 70.8 364.1 117.6,68,47
1052,1052.jpg,16,chick (5).jpg,10,,,0.8688,293.2 156.7 352.3 211.4,59,55
1053,1053.jpg,16,chick (5).jpg,11,,,0.8668,209.9 119.2 264.2 185.2,54,66
1054,1054.jpg,16,chick (5).jpg,12,,,0.8641,89.5 159.0 168.4 220.1,79,61
1055,1055.jpg,16,chick (5).jpg,13,,,0.8615,153.8 30.5 194.8 90.9,41,60
1056,1056.jpg,16,chick (5).jpg,14,,,0.8611,244.1 242.7 302.7 306.8,59,64
1057,1057.jpg,16,chick (5).jpg,15,,,0.8596,91.7 216.7 152.1 298.4,60,82
1058,1058.jpg,16,chick (5).jpg,16,,,0.8558,343.8 324.2 420.2 386.4,76,62
1059,1059.jpg,16,chick (5).jpg,17,,,0.8492,179.4 215.9 249.1 292.6,70,77
1060,1060.jpg,16,chick (5).jpg,18,mati,mati,0.8489,355.7 99.2 415.7 168.3,60,69
1061,1061.jpg,16,chick (5).jpg,19,,,0.8433,77.8 24.4 122.6 88.0,45,64
1062,1062.jpg,16,chick (5).jpg,20,,,0.8394,234.9 170.7 297.1 232.6,62,62
1063,1063.jpg,16,chick (5).jpg,21,,,0.8256,215.2 297.3 287.1 378.9,72,82
1064,1064.jpg,16,chick (5).jpg,22,,bukan,0.8255,0.0 398.4 51.0 431.9,51,34
1065,1065.jpg,16,chick (5).jpg,23,,bukan,0.8152,0.0 145.4 36.1 193.7,36,48
1066,1066.jpg,16,chick (5).jpg,24,,,0.8015,338.1 12.7 402.2 62.9,64,50
1067,1067.jpg,16,chick (5).jpg,25,,bukan,0.7838,0.0 211.3 33.8 255.2,34,44
1068,1068.jpg,16,chick (5).jpg,26,,,0.7583,88.9 304.3 136.6 364.7,48,60
1069,1069.jpg,16,chick (5).jpg,27,,,0.7321,209.5 398.5 299.5 431.7,90,33
1070,1070.jpg,16,chick (5).jpg,28,,,0.732,342.5 54.0 391.1 98.0,49,44
1071,1071.jpg,16,chick (5).jpg,29,,bukan,0.7102,0.1 248.8 11.5 313.3,11,64
1072,1072.jpg,16,chick (5).jpg,30,,bukan,0.7099,159.2 0.0 209.5 20.8,50,21
1073,1073.jpg,16,chick (5).jpg,31,,,0.6955,83.8 14.1 153.2 45.5,69,31
1074,1074.jpg,16,chick (5).jpg,32,,,0.667,87.8 353.9 173.1 420.2,85,66
1075,1075.jpg,16,chick (5).jpg,33,,bukan,0.5669,413.3 76.7 432.0 126.2,19,50
1076,1076.jpg,16,chick (5).jpg,34,,bukan,0.3279,10.8 249.0 49.2 314.5,38,66
1077,1077.jpg,16,chick (5).jpg,35,,,0.3068,388.4 1.1 431.8 77.2,43,76
1078,1078.jpg,16,chick (5).jpg,36,,bukan,0.2626,399.9 12.1 431.7 75.7,32,64
1079,1079.jpg,17,chick (6).jpg,0,,,0.9019,232.9 143.5 273.0 179.9,40,36
1080,1080.jpg,17,chick (6).jpg,1,,,0.8978,87.7 107.7 126.6 144.6,39,37
1081,1081.jpg,17,chick (6).jpg,2,,,0.8958,46.3 100.4 88.8 132.7,42,32
1082,1082.jpg,17,chick (6).jpg,3,,,0.8935,283.8 186.8 333.6 233.1,50,46
1083,1083.jpg,17,chick (6).jpg,4,,,0.8914,293.7 288.0 348.0 333.0,54,45
1084,1084.jpg,17,chick (6).jpg,5,,,0.8899,92.4 168.4 143.4 207.9,51,40
1085,1085.jpg,17,chick (6).jpg,6,,,0.8889,193.4 191.4 236.4 226.8,43,35
1086,1086.jpg,17,chick (6).jpg,7,,,0.888,241.0 326.3 291.0 384.9,50,59
1087,1087.jpg,17,chick (6).jpg,8,,,0.8847,103.4 79.1 157.7 109.1,54,30
1088,1088.jpg,17,chick (6).jpg,9,,,0.8831,228.9 286.9 274.0 342.2,45,55
1089,1089.jpg,17,chick (6).jpg,10,,,0.8826,235.0 189.1 286.7 224.2,52,35
1090,1090.jpg,17,chick (6).jpg,11,,,0.8815,268.5 122.5 312.3 164.7,44,42
1091,1091.jpg,17,chick (6).jpg,12,,,0.8803,108.7 49.6 141.4 82.1,33,32
1092,1092.jpg,17,chick (6).jpg,13,,,0.8801,170.9 152.6 217.9 188.7,47,36
1093,1093.jpg,17,chick (6).jpg,14,,,0.8789,40.2 197.0 105.5 239.4,65,42
1094,1094.jpg,17,chick (6).jpg,15,,,0.8787,132.6 99.6 177.8 142.7,45,43
1095,1095.jpg,17,chick (6).jpg,16,,,0.8787,323.9 42.0 367.7 68.6,44,27
1096,1096.jpg,17,chick (6).jpg,17,,,0.8786,108.6 133.6 165.8 168.7,57,35
1097,1097.jpg,17,chick (6).jpg,18,,,0.8778,119.1 290.6 163.3 356.2,44,66
1098,1098.jpg,17,chick (6).jpg,19,,,0.8755,123.7 359.2 199.9 409.6,76,50
1099,1099.jpg,17,chick (6).jpg,20,,,0.874,148.4 60.0 204.1 95.9,56,36
1100,1100.jpg,17,chick (6).jpg,21,,,0.8728,53.2 22.5 94.5 54.9,41,32
1101,1101.jpg,17,chick (6).jpg,22,,,0.8709,398.1 190.7 432.0 222.4,34,32
1102,1102.jpg,17,chick (6).jpg,23,,,0.8703,226.1 77.0 266.8 109.3,41,32
1103,1103.jpg,17,chick (6).jpg,24,,,0.87,190.7 288.6 233.7 351.5,43,63
1104,1104.jpg,17,chick (6).jpg,25,,,0.8687,211.2 377.6 269.5 432.0,58,54
1105,1105.jpg,17,chick (6).jpg,26,,,0.868,297.3 329.9 366.8 376.5,70,47
1106,1106.jpg,17,chick (6).jpg,27,,,0.8674,388.7 125.0 427.0 160.7,38,36
1107,1107.jpg,17,chick (6).jpg,28,,,0.864,327.2 66.0 370.2 96.6,43,31
1108,1108.jpg,17,chick (6).jpg,29,,,0.864,174.3 128.5 227.3 160.5,53,32
1109,1109.jpg,17,chick (6).jpg,30,,,0.8607,154.8 289.7 195.5 349.5,41,60
1110,1110.jpg,17,chick (6).jpg,31,,,0.8589,178.2 215.4 228.7 240.7,50,25
1111,1111.jpg,17,chick (6).jpg,32,,,0.8545,241.6 104.7 285.0 130.7,43,26
1112,1112.jpg,17,chick (6).jpg,33,,,0.8528,203.8 99.5 249.7 132.5,46,33
1113,1113.jpg,17,chick (6).jpg,34,,,0.8525,170.0 24.8 205.5 50.9,36,26
1114,1114.jpg,17,chick (6).jpg,35,,,0.8519,79.0 283.6 123.5 347.0,44,63
1115,1115.jpg,17,chick (6).jpg,36,,,0.8493,363.3 76.2 403.8 122.5,40,46
1116,1116.jpg,17,chick (6).jpg,37,,,0.8453,351.9 163.4 391.4 197.6,40,34
1117,1117.jpg,17,chick (6).jpg,38,,,0.8443,202.1 24.8 250.9 70.7,49,46
1118,1118.jpg,17,chick (6).jpg,39,,,0.843,39.0 132.4 92.5 168.1,54,36
1119,1119.jpg,17,chick (6).jpg,40,,,0.8421,70.2 146.7 108.9 187.5,39,41
1120,1120.jpg,17,chick (6).jpg,41,,,0.8214,270.6 19.7 302.0 45.1,31,25
1121,1121.jpg,17,chick (6).jpg,42,mati,mati,0.8164,356.1 357.0 417.2 426.6,61,70
1122,1122.jpg,17,chick (6).jpg,43,,,0.8132,176.2 80.8 234.9 118.0,59,37
1123,1123.jpg,17,chick (6).jpg,44,,,0.8121,52.0 66.5 105.5 95.3,54,29
1124,1124.jpg,17,chick (6).jpg,45,,,0.8118,118.5 199.0 183.1 238.4,65,39
1125,1125.jpg,17,chick (6).jpg,46,,,0.7967,338.7 271.9 403.6 322.4,65,50
1126,1126.jpg,17,chick (6).jpg,47,,,0.7912,254.0 75.9 282.4 104.9,28,29
1127,1127.jpg,17,chick (6).jpg,48,,,0.7907,400.0 92.7 432.0 117.0,32,24
1128,1128.jpg,17,chick (6).jpg,49,,,0.7849,70.5 49.4 110.6 78.3,40,29
1129,1129.jpg,17,chick (6).jpg,50,,,0.7841,288.1 78.5 322.5 109.3,34,31
1130,1130.jpg,17,chick (6).jpg,51,,,0.7838,144.6 175.6 188.7 211.1,44,36
1131,1131.jpg,17,chick (6).jpg,52,,bukan,0.774,292.7 415.0 354.6 432.0,62,17
1132,1132.jpg,17,chick (6).jpg,53,,,0.7667,377.9 56.5 419.4 90.5,42,34
1133,1133.jpg,17,chick (6).jpg,54,,,0.7616,343.5 313.9 389.6 355.8,46,42
1134,1134.jpg,17,chick (6).jpg,55,,,0.7402,32.3 54.9 68.7 85.6,36,31
1135,1135.jpg,17,chick (6).jpg,56,,,0.7265,300.1 168.3 352.4 216.9,52,49
1136,1136.jpg,17,chick (6).jpg,57,,,0.6848,87.6 273.0 154.5 304.7,67,32
1137,1137.jpg,17,chick (6).jpg,58,,,0.6665,9.3 32.7 44.3 56.9,35,24
1138,1138.jpg,17,chick (6).jpg,59,,bukan,0.6472,0.0 405.5 37.9 432.0,38,26
1139,1139.jpg,17,chick (6).jpg,60,,,0.6449,200.9 5.0 230.9 27.4,30,22
1140,1140.jpg,17,chick (6).jpg,61,,,0.6307,155.0 240.8 215.7 278.5,61,38
1141,1141.jpg,17,chick (6).jpg,62,,bukan,0.6052,136.1 419.3 178.9 432.0,43,13
1142,1142.jpg,17,chick (6).jpg,63,,,0.6021,375.1 36.9 400.6 62.8,26,26
1143,1143.jpg,17,chick (6).jpg,64,,bukan,0.5957,238.1 221.1 296.4 240.9,58,20
1144,1144.jpg,17,chick (6).jpg,65,,bukan,0.5881,332.5 216.9 365.1 240.7,33,24
1145,1145.jpg,17,chick (6).jpg,66,,,0.5715,393.9 39.5 430.6 67.4,37,28
1146,1146.jpg,17,chick (6).jpg,67,,,0.5514,25.3 122.7 59.4 143.0,34,20
1147,1147.jpg,17,chick (6).jpg,68,,,0.5497,130.4 33.7 197.4 65.6,67,32
1148,1148.jpg,17,chick (6).jpg,69,,bukan,0.5391,248.5 23.9 279.7 63.5,31,40
1149,1149.jpg,17,chick (6).jpg,70,,,0.523,414.5 72.3 432.0 98.8,18,26
1150,1150.jpg,17,chick (6).jpg,71,,bukan,0.5108,311.9 1.1 332.2 32.6,20,32
1151,1151.jpg,17,chick (6).jpg,72,,bukan,0.4823,107.0 420.6 148.3 432.0,41,11
1152,1152.jpg,17,chick (6).jpg,73,,bukan,0.4785,417.4 336.3 432.0 386.7,15,50
1153,1153.jpg,17,chick (6).jpg,74,,,0.4597,138.6 40.1 197.8 66.2,59,26
1154,1154.jpg,17,chick (6).jpg,75,,,0.4487,15.0 171.4 50.1 216.7,35,45
1155,1155.jpg,17,chick (6).jpg,76,,,0.4407,400.7 106.5 431.4 135.0,31,28
1156,1156.jpg,17,chick (6).jpg,77,,,0.4212,400.6 23.3 431.1 39.4,30,16
1157,1157.jpg,17,chick (6).jpg,78,,,0.414,325.3 142.1 358.9 170.4,34,28
1158,1158.jpg,17,chick (6).jpg,79,,bukan,0.3579,118.1 418.9 178.8 432.0,61,13
1159,1159.jpg,17,chick (6).jpg,80,,,0.355,372.4 13.9 400.6 35.1,28,21
1160,1160.jpg,17,chick (6).jpg,81,,bukan,0.3464,105.7 420.1 164.1 432.0,58,12
1161,1161.jpg,17,chick (6).jpg,82,,,0.327,282.8 103.5 302.7 126.7,20,23
1162,1162.jpg,17,chick (6).jpg,83,,,0.3179,337.5 3.1 360.4 28.4,23,25
1163,1163.jpg,17,chick (6).jpg,84,,,0.2866,400.5 33.4 427.4 51.5,27,18
1164,1164.jpg,17,chick (6).jpg,85,,bukan,0.2764,38.0 18.7 57.0 50.2,19,32
1165,1165.jpg,17,chick (6).jpg,86,,,0.2685,341.6 241.7 380.1 276.8,38,35
1166,1166.jpg,17,chick (6).jpg,87,,bukan,0.2511,422.5 58.6 432.0 90.7,10,32
1167,1167.jpg,18,chick (7).jpg,0,,,0.8951,187.5 29.1 241.7 74.2,54,45
1168,1168.jpg,18,chick (7).jpg,1,,,0.8926,379.1 30.6 424.4 71.6,45,41
1169,1169.jpg,18,chick (7).jpg,2,,,0.8916,134.7 67.2 185.3 125.5,51,58
1170,1170.jpg,18,chick (7).jpg,3,,,0.8858,242.7 190.2 300.8 237.4,58,47
1171,1171.jpg,18,chick (7).jpg,4,,,0.8808,199.1 229.5 252.6 304.9,54,75
1172,1172.jpg,18,chick (7).jpg,5,,,0.8775,122.7 27.9 168.4 83.2,46,55
1173,1173.jpg,18,chick (7).jpg,6,,,0.8763,188.3 157.0 247.2 210.5,59,54
1174,1174.jpg,18,chick (7).jpg,7,,,0.8736,85.0 29.8 127.3 92.7,42,63
1175,1175.jpg,18,chick (7).jpg,8,,,0.8733,372.0 80.4 415.3 129.1,43,49
1176,1176.jpg,18,chick (7).jpg,9,,,0.8705,13.6 31.7 57.0 97.2,43,66
1177,1177.jpg,18,chick (7).jpg,10,,,0.8698,18.1 100.0 93.7 150.3,76,50
1178,1178.jpg,18,chick (7).jpg,11,,,0.8691,363.2 0.1 398.5 36.9,35,37
1179,1179.jpg,18,chick (7).jpg,12,,,0.8686,105.5 119.1 159.7 184.8,54,66
1180,1180.jpg,18,chick (7).jpg,13,,,0.8653,191.6 70.9 258.3 117.7,67,47
1181,1181.jpg,18,chick (7).jpg,14,,,0.8652,0.0 158.8 62.9 220.0,63,61
1182,1182.jpg,18,chick (7).jpg,15,,,0.8652,48.9 30.6 90.0 90.6,41,60
1183,1183.jpg,18,chick (7).jpg,16,,,0.8647,0.1 217.2 46.0 297.9,46,81
1184,1184.jpg,18,chick (7).jpg,17,,,0.8611,362.7 331.9 415.0 408.1,52,76
1185,1185.jpg,18,chick (7).jpg,18,,,0.8583,238.2 324.1 315.8 386.4,78,62
1186,1186.jpg,18,chick (7).jpg,19,,,0.8559,73.5 215.3 143.2 293.3,70,78
1187,1187.jpg,18,chick (7).jpg,20,,,0.8547,138.2 242.5 198.1 307.3,60,65
1188,1188.jpg,18,chick (7).jpg,21,mati,mati,0.8534,250.7 99.4 310.7 167.5,60,68
1189,1189.jpg,18,chick (7).jpg,22,,,0.8443,335.0 120.2 388.7 170.3,54,50
1190,1190.jpg,18,chick (7).jpg,23,,,0.8438,130.0 171.7 191.7 232.7,62,61
1191,1191.jpg,18,chick (7).jpg,24,,,0.8399,110.2 302.2 182.3 379.2,72,77
1192,1192.jpg,18,chick (7).jpg,25,,,0.8348,324.6 31.8 371.0 75.3,46,44
1193,1193.jpg,18,chick (7).jpg,26,,bukan,0.8343,344.2 408.4 403.1 432.0,59,24
1194,1194.jpg,18,chick (7).jpg,27,,,0.8291,322.8 283.2 398.7 361.2,76,78
1195,1195.jpg,18,chick (7).jpg,28,,,0.8223,0.2 14.2 47.9 45.5,48,31
1196,1196.jpg,18,chick (7).jpg,29,,,0.8222,383.9 178.8 418.7 245.8,35,67
1197,1197.jpg,18,chick (7).jpg,30,,,0.8208,294.2 178.2 359.1 248.8,65,71
1198,1198.jpg,18,chick (7).jpg,31,,,0.8084,232.6 13.3 297.4 62.6,65,49
1199,1199.jpg,18,chick (7).jpg,32,,,0.8028,0.0 353.8 68.1 420.1,68,66
1200,1200.jpg,18,chick (7).jpg,33,,bukan,0.7894,0.0 301.9 31.6 363.3,32,61
1201,1201.jpg,18,chick (7).jpg,34,,bukan,0.7879,0.0 22.4 18.0 87.5,18,65
1202,1202.jpg,18,chick (7).jpg,35,,,0.7493,308.9 0.0 352.7 34.8,44,35
1203,1203.jpg,18,chick (7).jpg,36,,bukan,0.7451,53.3 0.0 103.7 20.6,50,21
1204,1204.jpg,18,chick (7).jpg,37,,bukan,0.7385,104.0 399.4 195.1 431.8,91,32
1205,1205.jpg,18,chick (7).jpg,38,,,0.7347,310.8 75.6 360.7 125.7,50,50
1206,1206.jpg,18,chick (7).jpg,39,,,0.7325,344.8 174.0 383.5 244.5,39,70
1207,1207.jpg,18,chick (7).jpg,40,,bukan,0.7199,411.0 79.2 431.9 126.0,21,47
1208,1208.jpg,18,chick (7).jpg,41,,,0.7063,237.3 54.1 287.1 96.2,50,42
1209,1209.jpg,18,chick (7).jpg,42,,,0.6606,364.9 227.1 403.9 291.1,39,64
1210,1210.jpg,18,chick (7).jpg,43,,bukan,0.5313,419.4 33.3 432.0 73.0,13,40
1211,1211.jpg,18,chick (7).jpg,44,,,0.4863,397.7 59.5 431.9 87.4,34,28
1212,1212.jpg,18,chick (7).jpg,45,,,0.448,335.5 64.4 381.5 106.0,46,42
1213,1213.jpg,18,chick (7).jpg,46,,bukan,0.4146,410.2 366.6 432.0 419.0,22,52
1214,1214.jpg,18,chick (7).jpg,47,,,0.3736,295.8 13.6 329.4 74.5,34,61
1215,1215.jpg,18,chick (7).jpg,48,,bukan,0.3091,417.7 308.0 432.0 370.7,14,63
